File prefix,Document,Country,NSS/WP/DD,ISO Alpha-3 Code,M49 code,Year,Length,segment_count,word_count,Language 1,Language 2,Language 3,Language 4,Language 5,Language 6,Language 7,Language 8,Language 9,Language 10,Language 11,Publishing Ministry,URL Link to Docs,G77 Member,G77_Member_Binary
716,716 Sweden Total Defence 2025-2030_translated,Sweden,WP,SWE,752,2024,174,3831,85785,English (Translated),Swedish (Original),,,,,,,,,,Ministry of Defence,,No,0
715,715 Norway Total Defence White Paper 2024_translated,Norway,WP,NOR,578,2024,144,3435,70510,English (Translated),Norwegian (Original),,,,,,,,,,Norwegian Ministry of Justice and Public Security,,No,0
714,714 Norway Societal Security in an Uncertain World 2020,Norway,WP,NOR,578,2020,172,4827,98055,English (Translated),Norwegian (Original),,,,,,,,,,Norwegian Ministry of Justice and Public Security,,No,0
713,713 Norway Risk in a Safe Society 2016_translated,Norway,WP,NOR,578,2016,193,5483,109924,English (Translated),Norwegian (Original),,,,,,,,,,Norwegian Ministry of Justice and Public Security,,No,0
712,712 Norway Long Term Defence Plan 2020,Norway,DD,NOR,578,2020,143,3978,84889,English (Translated),Norwegian (Original),,,,,,,,,,Norwegian Ministry of Defence,,No,0
711,711 Norway Long Term Defence Plan 2016_translated,Norway,DD,NOR,578,2016,121,3722,77379,English (Translated),Norwegian (Original),,,,,,,,,,Norwegian Ministry of Defence,,No,0
710,710 Norway Long Term Defence Plan 2013_translated,Norway,DD,NOR,578,2013,162,4938,103622,English (Translated),Norwegian (Original),,,,,,,,,,Norwegian Ministry of Defence,,No,0
709,709 Norway Long Term Defence Plan 2009,Norway,DD,NOR,578,2009,164,5446,113922,English (Translated),Norwegian (Original),,,,,,,,,,Norwegian Ministry of Defence,,No,0
708,708 Norway Long Term Defence Plan 2005_translated,Norway,DD,NOR,578,2005,132,4489,91358,English (Translated),Norwegian (Original),,,,,,,,,,Norwegian Ministry of Defence,,No,0
707,707 Norway Long Term Defence Plan 1999_translated,Norway,DD,NOR,578,1999,113,4467,92149,English (Translated),Norwegian (Original),,,,,,,,,,Norwegian Ministry of Defence,,No,0
706,706 Norway Long Term Defence Plan 1994_translated,Norway,DD,NOR,578,1994,159,5365,121178,English (Translated),Norwegian (Original),,,,,,,,,,Norwegian Ministry of Defence,,No,0
705,705 Norway Long Term Defence Plan 1989_translated,Norway,DD,NOR,578,1989,181,6433,128600,English (Translated),Norwegian (Original),,,,,,,,,,Norwegian Ministry of Defence,,No,0
704,704 Norway Long Term Defence Plan 2024,Norway,DD,NOR,578,2024,148,4094,86565,English (Translated),Norwegian (Original),,,,,,,,,,Norwegian Ministry of Defence,,No,0
703,703 Finland Security Strategy for Society 2025,Finland,NSS,FIN,246,2025,153,2112,46880,English,,,,,,,,,,,Security Committee,,No,0
702,702 Finland Foreign and Security Policy 2024,Finland,WP,FIN,246,2024,55,832,17977,English,,,,,,,,,,,Prime Ministers Office,,No,0
701,701 Denmark National Compromise on Danish Security Policy 2022_translated,Denmark,WP,DNK,208,2022,3,38,987,English (Translated),Danish (Original),,,,,,,,,,Central Government,,No,0
700,700 Denmark Defence Agreement 2024-2033_translated,Denmark,WP,DNK,208,2024,17,329,8937,English (Translated),Danish (Original),,,,,,,,,,Central Government,,No,0
699,699 Thailand RTAF White Paper 2024,Thailand,WP,THA,764,2024,64,478,19555,English (Translated),,,,,,,,,,,Ministry of Defence,,Yes,1
698,698 Philippines National Security Policy Manual 2023,Philippines,NSS,PHL,608,2023,48,464,13769,English,,,,,,,,,,,National Security Council,,Yes,1
696,696 New Zealand Defence Capability Plan 2025,New Zealand,DD,NZL,554,2025,25,508,11448,English,,,,,,,,,,,Ministry of Defence,,No,0
695,695 Moldova Military Strategy 2025-2035,Moldova,DD,MDA,498,2025,95,857,28855,English (Translated),,,,,,,,,,,Ministry of Defense,,No,0
694,694 Norway National Security Strategy 2025,Norway,NSS,NOR,578,2025,36,445,8138,English,,,,,,,,,,,Office of the Prime Minister of Norway,,No,0
693,693 Burkina Faso Politique de Sécurité Nationale 2023,Burkina Faso,NSS,BFA,854,2023,59,730,17756,English (Translated),,,,,,,,,,,National Security Council,,Yes,1
692,692 Sierra Leone National Security Policy and Strategy 2024,Sierra Leone,NSS,SLE,694,2024,44,514,13746,English,,,,,,,,,,,Office of National Security,,Yes,1
691,691 South Africa National Security Strategy 2024-2028,South Africa,NSS,ZAF,710,2024,47,524,15132,English,,,,,,,,,,,Presidency,,Yes,1
690,690 Brazil National Defence Policy and National Defence Strategy 2025,Brazil,NSS,BRA,76,2025,57,592,17172,English (Translated),,,,,,,,,,,Ministry of Defense,,Yes,1
689,689 France National Strategic Review 2025,France,NSS,FRA,250,2025,134,1416,39389,English,,,,,,,,,,,National Security Council,,No,0
688,688 China National Security in the New Era 2025,China,NSS,CHN,156,2025,46,586,15139,English (Translated),Chinese (Original),,,,,,,,,,State Council Information Office,,Associate,1
687,687 Gambia National Security Strategy 2020,Gambia,NSS,GMB,270,2020,66,907,14506,English,,,,,,,,,,,Presidency,,Yes,1
686,686 United States of America National Security Strategy 2025,USA,NSS,USA,840,2025,33,379,9627,English,Chinese (Original),,,,,,,,,,The White House,https://www.whitehouse.gov/wp-content/uploads/2022/10/National-Security-Strategy-2022.pdf,No,0
685,685 Belarus Military Doctrine 2024,Belarus,DD,BLR,112,2024,55,490,15533,English (Translated),Russian (Original),,,,,,,,,,Presidency,,No,0
684,684 Belarus Concept of National Security 2024,Belarus,NSS,BLR,112,2024,47,248,14287,English (Translated),Russian (Original),,,,,,,,,,State Secretariat of the Security Council of the Republic of,,No,0
683,683 Estonia International Security and Estonia 2021,Estonia,TA,EST,233,2021,82,762,19935,English,,,,,,,,,,,unclear,,No,0
682,682 Estonia International Security and Estonia 2016,Estonia,TA,EST,233,2016,48,604,14527,English,,,,,,,,,,,Estonian Information Board,,No,0
681,681 Taiwan National Defense Report 2023,Taiwan,DD,TWN,158,2023,188,1379,52477,English,,,,,,,,,,,Ministry of National Defense,,No,0
680,680 Taiwan National Defense Report 2021,Taiwan,DD,TWN,158,2021,208,1609,56313,English,,,,,,,,,,,Ministry of National Defense,,No,0
679,679 Taiwan National Defense Report 2000,Taiwan,DD,TWN,158,2000,284,2139,57915,English,,,,,,,,,,,Ministry of Defence,,No,0
678,678 Taiwan National Defense Report 1998,Taiwan,DD,TWN,158,1998,268,1444,41759,English,,,,,,,,,,,Ministry of National Defense,,No,0
677,677 Taiwan National Defense Report 1996,Taiwan,DD,TWN,158,1996,320,1992,51399,English,,,,,,,,,,,Ministry of National Defense,,No,0
676,676 Taiwan National Defense Report 1993,Taiwan,DD,TWN,158,1993,297,1109,114692,English (Translated),Chinese (Original),,,,,,,,,,Ministry of National Defense,,No,0
675,675 Taiwan National Defense Report 1992,Taiwan,DD,TWN,158,1992,264,1382,45229,English,,,,,,,,,,,Ministry of National Defense,,No,0
674,674 Taiwan National Defense Report 1991,Taiwan,DD,TWN,158,1991,219,1019,89314,English (Translated),Chinese (Original),,,,,,,,,,Ministry of National Defense,,No,0
673,673 Taiwan National Defense Report 1989,Taiwan,DD,TWN,158,1989,163,749,68477,English (Translated),Chinese (Original),,,,,,,,,,Ministry of National Defense,,No,0
672,672 Taiwan National Defense Report 1987,Taiwan,DD,TWN,158,1987,143,718,56367,English (Translated),Chinese (Original),,,,,,,,,,Ministry of National Defense,,No,0
671,671 South Korea Defense White Paper 2004,Republic of Korea,WP,KOR,410,2004,329,2980,98677,English (Translated),Korean (Original),,,,,,,,,,Ministry of National Defense,,Former,0
670,670 South Korea Defense White Paper 2000,Republic of Korea,WP,KOR,410,2000,378,1863,94983,English (Translated),Korean (Original),,,,,,,,,,Ministry of National Defense,,Former,0
669,669 Romania White Paper 2015,Romania,WP,ROU,642,2015,60,312,11901,English,,,,,,,,,,,Ministry of National Defense,,Former,0
668,668 Portugal Strategic Concept of National Defense 2017,Portugal,NSS,PRT,620,2017,68,424,13796,English,,,,,,,,,,,Ministry of Defence,,No,0
667,667 Portugal Strategic Concept 2003,Portugal,NSS,PRT,620,2003,27,152,4333,English (Translated),Portuguese (Original),,,,,,,,,,Ministry Of Defence,,No,0
666,666 Norway Total Defence 2018,Norway,NSS,NOR,578,2018,100,1915,48155,English,,,,,,,,,,,Norwegian Ministry of Defence and Norwegian Ministry of Justice and,,No,0
665,665 North Macedonia White Paper 2012,North Macedonia,WP,MKD,807,2012,88,515,17909,English,,,,,,,,,,,Ministry of Defence,,No,0
664,664 North Macedonia White Paper 2005,North Macedonia,WP,MKD,807,2005,41,27,10752,English (Translated),Macedonian (Original),,,,,,,,,,Ministry of Defence,,No,0
663,663 Montenegro National Security Strategy 2018,Montenegro,NSS,MNE,499,2018,64,515,14358,English,,,,,,,,,,,unclear,,No,0
662,662 Montenegro Strategic Defense Review 2013,Montenegro,WP,MNE,499,2013,61,690,21090,English,,,,,,,,,,,Ministry of Defence,,No,0
661,661 Lithuania Military Strategy of Lithuania 2004,Lithuania,DD,LTU,440,2004,12,243,5436,English,,,,,,,,,,,Ministry of National Defence,,No,0
660,660 Japan Defense of Japan 2017,Japan,DD,JPN,392,2017,538,13601,429818,English,,,,,,,,,,,Ministry of Defense,,No,0
659,659 Japan Defense of Japan 2016,Japan,DD,JPN,392,2016,516,13195,406749,English,,,,,,,,,,,Ministry of Defense,,No,0
658,658 Japan Defense of Japan 2015,Japan,DD,JPN,392,2015,451,11129,383577,English,,,,,,,,,,,Ministry of Defense,,No,0
657,657 Japan National Defense Program Guidelines 2013,Japan,WP,JPN,392,2013,31,284,10240,English,,,,,,,,,,,Ministry of Defense,,No,0
656,656 Japan Defense of Japan 2013,Japan,DD,JPN,392,2013,373,4654,159336,English,,,,,,,,,,,Ministry of Defense,,No,0
655,655 Japan National Defense Program Guidelines 2010,Japan,WP,JPN,392,2010,20,214,6592,English,,,,,,,,,,,Ministry of Defence,,No,0
654,654 Japan Defense of Japan 2010,Japan,DD,JPN,392,2010,660,2325,92273,English,,,,,,,,,,,Ministry of Defence,,No,0
653,653 Japan Defense of Japan 2009,Japan,DD,JPN,392,2009,548,6150,193143,English,,,,,,,,,,,Ministry of Defense,,No,0
652,652 Japan Defense of Japan 2008,Japan,DD,JPN,392,2008,599,8420,281081,English,,,,,,,,,,,Ministry of Defense,,No,0
651,651 Japan Defense of Japan 2007,Japan,DD,JPN,392,2007,658,9517,308939,English,,,,,,,,,,,Ministry of Defense,,No,0
650,650 Japan Defense of Japan 2006,Japan,DD,JPN,392,2006,591,7722,253389,English,,,,,,,,,,,Ministry of Defense,,No,0
649,649 Japan Defense of Japan 2005,Japan,DD,JPN,392,2005,87,1123,38411,English,,,,,,,,,,,Ministry of Defense,,No,0
648,648 Japan Defense of Japan 2004,Japan,DD,JPN,392,2004,78,670,32119,English,,,,,,,,,,,Ministry of Defence,,No,0
647,647 Iceland National Security Policy 2016,Iceland,NSS,ISL,352,2016,63,647,17288,English (Translated),Icelandic (Original),,,,,,,,,,Ministry of Foreign Affairs,https://www.althingi.is/altext/145/s/0389.html,No,0
646,646 Hungary National Military Strategy 2014,Hungary,DD,HUN,348,2014,20,223,6128,English (Translated),Hungarian (Original),,,,,,,,,,Ministry of Defence,,No,0
645,645 Hungary National Security Strategy 2007,Hungary,NSS,HUN,348,2007,16,318,10936,English,,,,,,,,,,,Prime Ministers Office,,No,0
643,643 Germany Security Strategy 2008,Germany,NSS,DEU,276,2008,11,198,5545,English,,,,,,,,,,,unclear,,No,0
642,642 Germany White Paper 1994,Germany,DD,DEU,276,1994,30,2665,59950,English (Translated),German (Original),,,,,,,,,,Federal Ministry of Defence,,No,0
640,640 Finland Foreign and Security Policy 2020,Finland,NSS,FIN,246,2020,54,771,17566,English,,,,,,,,,,,Ministry for Foreign Affairs of Finland,,No,0
639,639 Finland Foreign and Security Policy 2016,Finland,NSS,FIN,246,2016,34,424,8678,English,,,,,,,,,,,Prime Ministers Office,,No,0
638,638 Czechia Long Term Perspective on Defense 2015,Czechia,DD,CZE,203,2015,24,227,6029,English,,,,,,,,,,,Ministry of Defence,,No,0
637,637 Czechia Doctrine Armed Forces 2004,Czechia,DD,CZE,203,2004,145,1253,35226,English (Translated),Czech (Original),,,,,,,,,,Ministry of Defence,,No,0
636,636 Croatia Strategic Defense Review 2018,Croatia,WP,HRV,191,2018,78,734,20802,English (Translated),Croatian (Original),,,,,,,,,,Ministry of Defence,,No,0
635,635 Bulgaria Programme Development 2021,Bulgaria,DD,BGR,100,2021,40,642,19539,English,,,,,,,,,,,Ministry of Defence,,No,0
634,634 Australia Defence Corporate Plan 2022,Australia,DD,AUS,36,2022,36,433,9861,English,,,,,,,,,,,Department of Defence,,No,0
633,633 Australia Defence Corporate Plan 2021,Australia,DD,AUS,36,2021,39,747,16021,English,,,,,,,,,,,Department of Defence,,No,0
632,632 Australia Defence Corporate Plan 2019,Australia,DD,AUS,36,2019,24,306,7282,English,,,,,,,,,,,Department of Defence,,No,0
631,631 Australia Foreign Policy White Paper 2017,Australia,NSS,AUS,36,2017,136,1779,41379,English,,,,,,,,,,,Department of Foreign Affairs and Trade,,No,0
630,630 Australia Defence Corporate Plan 2017,Australia,DD,AUS,36,2017,18,264,5912,English,,,,,,,,,,,Department of Defence,,No,0
629,629 Albania Defense Directive 2023,Albania,DD,ALB,8,2023,7,99,3155,English,,,,,,,,,,,Ministry of Defense,,No,0
628,628 Albania Defense Directive 2022,Albania,DD,ALB,8,2022,7,92,3173,English,,,,,,,,,,,Ministry of Defense,,No,0
627,627 Albania Fletorja Zyrtare 2016,Albania,DD,ALB,8,2016,61,524,18635,English (Translated),Albanian (Original),,,,,,,,,,Ministry of Defence,,No,0
624,624 Indonesia Implementation Policy National Defense 2020 - 2024 2021,Indonesia,DD,IDN,360,2021,40,298,8950,English (Translated),Indonesian (Original),,,,,,,,,,Ministry of Defense,https://www.kemhan.go.id/wp-content/uploads/2022/08/LAMP-JAKGARA-HANNEG-17-Mei-Final.pdf,Yes,1
623,623 Indonesia General State Defense Policy for 2020-2024 2021,Indonesia,DD,IDN,360,2021,170,1107,42861,English (Translated),Indonesian (Original),,,,,,,,,,Ministry of Defense,https://www.kemhan.go.id/wp-content/uploads/2021/06/WIRA-MASTER-JAN-FEB2021-rev-JAKUMHANEG-19april2021INDONESIAKomplit.pdf,Yes,1
622,622 United Kingdom National Security Strategy 2025,UK,NSS,GBR,826,2025,55,630,16018,English,,,,,,,,,,,Cabinet Office,,No,0
621,621 United Kingdom Strategic Defence Review 2025,UK,WP,GBR,826,2025,162,1926,47044,English,,,,,,,,,,,Ministry of Defence,,No,0
619,619 Finland Government Defence Report 2024,Finland,DD,FIN,246,2024,120,1801,41244,English,,,,,,,,,,,Ministry of Defence,https://julkaisut.valtioneuvosto.fi/bitstream/handle/10024/166004/PLM_2024_7.pdf?sequence=4&isAllowed=y,No,0
618,618 Germany defence policy guidelines 2023,Germany,DD,DEU,276,2023,36,433,10209,English,,,,,,,,,,,Ministry of Defence,,No,0
616,616 Japan defense of Japan 2024,Japan,WP,JPN,392,2024,572,13797,319109,English,,,,,,,,,,,Ministry of Defense,https://www.mod.go.jp/en/publ/w_paper/wp2024/DOJ2024_EN_Full.pdf,No,0
615,615 Netherlands defence white paper 2024,Netherlands,WP,NLD,528,2024,35,1108,24714,English,,,,,,,,,,,Ministry of Defence,,No,0
614,614 Fiji National Security and Defence Review 2024,Fiji,NSS,FJI,242,2024,96,898,20070,English,,,,,,,,,,,Central Government,https://www.fiji.gov.fj/getattachment/1d273c93-a1b9-4c43-b5c7-6392a9b6c845/Fiji-National-Security-and-Defence-Review.aspx,Yes,1
612,612 Sweden national security strategy 2024,Sweden,NSS,SWE,752,2024,48,616,13352,English,,,,,,,,,,,Prime Ministers Office,,No,0
611,611 Greenland foreign security and defense policy 2024,Greenland,NSS,GRL,304,2024,48,487,11214,English,,,,,,,,,,,Ministry of Foreign Affairs,,No,0
610,610 Georgia national security concept 2024,Georgia,NSS,GEO,268,2024,25,423,10450,English,,,,,,,,,,,Ministry of Foreign Affairs,,No,0
609,609 Australia national defence strategy 2024,Australia,WP,AUS,36,2024,80,606,15447,English,,,,,,,,,,,Ministry Of Defence,https//www.defence.gov.au/about/strategic-planning/defence-white-paper,No,0
608,608 Albania approval of the national security strategy 2024,Albania,NSS,ALB,8,2024,37,469,17317,English,,,,,,,,,,,National Parliament,,No,0
607,607 Thailand national security policy and plan 2023,Thailand,NSS,THA,764,2023,9,100,4379,English,,,,,,,,,,,National Security Council,,Yes,1
606,606 Republic of Korea national security strategy 2023,Republic of Korea,NSS,KOR,410,2023,150,746,24704,English,,,,,,,,,,,Office of National Security,,Former,0
605,605 Philippines national security policy 2023,Philippines,NSS,PHL,608,2023,50,448,13485,English,,,,,,,,,,,President,,Yes,1
604,604 Luxembourg defence guidelines 2023,Luxembourg,DD,LUX,442,2023,72,598,17456,English,,,,,,,,,,,Ministry of Defence,,No,0
603,603 Lithuania national threat assessment 2023,Lithuania,TA,LTU,440,2023,86,620,15440,English,,,,,,,,,,,State security deparment,,No,0
602,602 Latvia national security concept 2023,Latvia,NSS,LVA,428,2023,29,327,11006,English,,,,,,,,,,,Cabinet Office,,No,0
600,600 Argentina libro blanco de la defensa 2023,Argentina,WP,ARG,32,2023,261,2582,81442,English,,,,,,,,,,,Ministry of Defense,,Yes,1
599,599 Switzerland switzerlands security 2022,Switzerland,NSS,CHE,756,2022,71,620,15147,English,,,,,,,,,,,Federal Intelligence Service,,No,0
598,598 Mongolia national security concept 2022,Mongolia,NSS,MNG,496,2022,21,287,6899,English,,,,,,,,,,,Ministry of Foreign Affairs,,Yes,1
597,597 Italy the chief of defence strategic concept 2022,Italy,DD,ITA,380,2022,40,256,7856,English,,,,,,,,,,,Ministry of Defence,,No,0
596,596 France national strategic review 2022,France,DD,FRA,250,2022,60,571,15739,English,,,,,,,,,,,Ministry of Defence,,No,0
594,594 Peru policy of national security and defense 2017,Peru,NSS,PER,604,2017,21,515,17277,English,,,,,,,,,,,President,,Yes,1
593,593 Nigeria national security strategy 2014,Nigeria,NSS,NGA,566,2014,95,948,23163,English,,,,,,,,,,,National Security Council,,Yes,1
592,592 Kazakhstan on national security of the republic of Kazakhstan 2012,Kazakhstan,NSS,KAZ,398,2012,18,123,10481,English,,,,,,,,,,,Ministry of Justice,,No,0
589,589 Georgia national security concept 2011,Georgia,NSS,GEO,268,2011,28,404,10050,English,,,,,,,,,,,Presidency / Prime Ministers Office,,No,0
588,588 Taiwan national defense report 2011,Taiwan,DD,TWN,158,2011,288,1779,69609,English,,,,,,,,,,,Ministry of National Defense,,No,0
586,586 Lithuania national security strategy 2005,Lithuania,NSS,LTU,440,2005,21,336,8173,English,,,,,,,,,,,National Parliament,,No,0
584,584 Serbia and montenegro white paper on defence 2000,Serbia and Montenegro,WP,SCG,891,2000,99,1515,38608,English,,,,,,,,,,,Ministry of Defence,,No,0
583,583 Ghana National Security Strategy 2020,Ghana,NSS,GHA,288,2020,117,1442,44445,English,,,,,,,,,,,Ministry of National Security,https://mofa.gov.gh/site/images/pdf/national_security_strategy.pdf,Yes,1
582,582 Slovenia DEFENCE SECTOR STRATEGIC REVIEW 2009,Slovenia,DD,SVN,705,2009,57,701,22090,English,,,,,,,,,,,Ministry of Defence,,No,0
580,580 Poland White Paper 2001,Poland,WP,POL,616,2001,99,1067,27826,English,Polish,,,,,,,,,,Ministry Of Defence,https://www.files.ethz.ch/isn/156792/Poland-2001.pdf,No,0
579,579 Montenegro STRATEGIC DEFENCE REVIEW OF MONTENEGRO 2013,Montenegro,WP,MNE,499,2013,61,629,19558,English,,,,,,,,,,,Ministry of Defence,https://www.gov.me/en/article/134211--strategic,No,0
578,578 Japan Defence of Japan 2016,Japan,WP,JPN,392,2016,513,12445,386617,English,Japanese,Chinese,Korean,Russian,,,,,,,Ministry of Defense,https://warp.da.ndl.go.jp/info:ndljp/pid/11591426/www.mod.go.jp/e/publ/w_paper/2016.html,No,0
577,577 Japan Defence of Japan 2014,Japan,WP,JPN,392,2014,626,7371,237406,English,Japanese,Chinese,Korean,Russian,,,,,,,Ministry of Defense,https://warp.da.ndl.go.jp/info:ndljp/pid/11591426/www.mod.go.jp/e/publ/w_paper/2014.html,No,0
576,576 Guatemala White Paper on Security 2015_translated,Guatemala,NSS,GTM,320,2015,91,446,13099,English (Translated),Spanish (Original),,,,,,,,,,Technical Secretariat of the National Security Council,,Yes,1
574,574 Guatemala National Defense Policy 2013_translated,Guatemala,WP,GTM,320,2013,30,285,8157,English (Translated),Spanish (Original),,,,,,,,,,Ministry Of Defence,,Yes,1
573,573 Guatemala Book of the National Defense of the Republic of Guatemala 2003_translated,Guatemala,WP,GTM,320,2003,87,312,10313,English (Translated),Spanish (Original),,,,,,,,,,Ministry of Defense,https://www.resdal.org/Archivo/d00001f8.htm,Yes,1
572,572 Rwanda Internal Security Strategy 2008,Rwanda,NSS,RWA,646,2008,36,214,7008,English,,,,,,,,,,,Ministry Of Interior,https//docs.igihe.com/IMG/pdf/internal_security_policy.pdf,Yes,1
571,571 Trinidad and Tobago Ministry of National Security Strategic Plan 2018,Trinidad and Tobago,NSS,TTO,780,2018,102,867,22869,English,,,,,,,,,,,Ministry of National Security,https//nationalsecurity.gov.tt/specialpublications/mns-strategic-plan-2018-to-2023/,Yes,1
570,570 Palau National Security Strategy 2022,Palau,NSS,PLW,585,2022,19,348,7829,English,,,,,,,,,,,Presidency,https//pitiviti.org/storage/dm/2022/08/rop-2022-national-security-strategy-20220813191012624.pdf,Former,0
569,569 New Zealand National Security Strategy 2023,New Zealand,NSS,NZL,554,2023,44,554,13891,English,,,,,,,,,,,Central Government,https//www.dpmc.govt.nz/system/files/2023-08/National%20Security%20Strategy_August%202023.pdf,No,0
568,568 Netherlands Security Strategy 2023,Netherlands,NSS,NLD,528,2023,47,1207,25734,English,,,,,,,,,,,Central Government,https//www.google.com/url?sa=t&rct=j&q=&esrc=s&source=web&cd=&cad=rja&uact=8&ved=2ahUKEwiH_-_qvqWCAxVzSkEAHc-hAAwQFnoECCMQAQ&url=https%3A%2F%2Fwww.government.nl%2Fbinaries%2Fgovernment%2Fdocumenten%2Fpublications%2F2023%2F04%2F03%2Fsecurity-strategy-for-the-kingdom-of-the-netherlands%2FSecurity%2BStrategy%2Bfor%2Bthe%2BKingdom%2Bof%2Bthe%2BNetherlands.pdf&usg=AOvVaw3Z_q0IaSrHkeRJAhxicQ8c&opi=89978449,No,0
567,567 Greece White Paper 2014,Greece,WP,GRC,300,2014,144,878,26284,Greek,English,,,,,,,,,,Ministry Of Defence,https://www.scribd.com/document/299641936/White-Paper-2014,No,0
566,566 Chile Libro de la Defensa Nacional 2010_translated,Chile,WP,CHL,152,2010,343,2481,75474,English (Translated),Spanish (Original),,,,,,,,,,Ministry of Defence,https://www.resdal.org/ultimos-documentos/libro-blanco-chile-2010.html,Yes,1
565,565 Central African Republic Plan National of Defense 2017_translated,Central African Republic,DD,CAF,140,2017,40,537,12470,English (Translated),French (Original),,,,,,,,,,Ministry of Defence,,Yes,1
564,564 Central African Republic National Reform Strategy in the Security Sector 2017_translated,Central African Republic,NSS,CAF,140,2017,29,545,8659,English (Translated),French (Original),,,,,,,,,,Ministry Of Defence,,Yes,1
561,561 Burkina Faso 2004_translated,Burkina Faso,NSS,BFA,854,2004,114,1206,28560,English (Translated),French (Original),,,,,,,,,,Ministry of Interior,https//mobile.interieur.gouv.fr/Archives/Archives-des-communiques-de-presse/2016-Communiques/Presentation-du-plan-securite-outre-mer-par-Bernard-Cazeneuve-et-George-Pau-Langevin,Yes,1
560,560 Republic of Moldova National Security Strategy 2023_translated,Moldova,NSS,MDA,298,2023,24,299,5596,English (Translated),Romanian (Original),,,,,,,,,,President,,No,0
559,559 Belgium Defense Master Plan 2003_translated,Belgium,DD,BEL,56,2003,23,326,6998,English (Translated),French (Original),,,,,,,,,,Ministry Of Defence,,No,0
558,558 Angola Strategic Concept of National Defense 2018_translated,Angola,NSS,AGO,24,2018,24,279,6729,English (Translated),Portuguese (Original),,,,,,,,,,Ministry Of Defence,,Yes,1
557,557 Liberia National Defense Strategy 2014,Liberia,DD,LBR,430,2014,13,175,4652,English,,,,,,,,,,,Ministry of Defense,https//mod.gov.lr/wp-content/uploads/2022/06/National-Defense-Strategy-2014.pdf,Yes,1
556,556 Georgia National Security Concept 2020_translated,Georgia,NSS,GEO,268,2020,31,424,10994,English (Translated),Georgian (Original),,,,,,,,,,National Security Council,https//nsc.gov.ge/en/CONCEPTUAL-DOCUMENTS/National-Security-Concept,No,0
555,555 French Guiana Local Security Plan 2017_translated,French Guiana,NSS,GUF,254,2017,42,308,8010,English (Translated),French (Original),,,,,,,,,,Devolved Government,https//www.guyane.gouv.fr/contenu/telechargement/9965/69330/file/Plan+de+s,No,0
554,554 Guatemala Strategic Security Agenda of the Nation 2020 - 2024_translated,Guatemala,NSS,GTM,320,2020,50,302,7641,English (Translated),Spanish (Original),,,,,,,,,,National Security Council,"https//stcns.gob.gt/agenda-estrategica-de-seguridad-de-la-nacion/#~text=La%20Agenda%20Estrat‚àö¬©gica%20de%20Seguridad%20de%20la%20Naci‚àö‚â•n%202020%2D2024,afectan%20a%20la%20sociedad%20guatemalteca%2C",Yes,1
553,553 Estonia INTERNATIONAL SECURITY AND ESTONIA 2023,Estonia,TA,EST,233,2023,70,826,20031,English,,,,,,,,,,,Foreign Intelligence Service,https//www.valisluureamet.ee/doc/raport/2023-en.pdf,No,0
552,552 Denmark Foreign and Security policy Strategy 2023,Denmark,NSS,DNK,208,2023,15,426,9377,English,,,,,,,,,,,Central Government,https//um.dk/en/foreign-policy/foreign-and-security-policy-2023,No,0
551,551 Cook Islands National Security Policy 2023,Cook Islands,NSS,COK,184,2023,60,517,13508,English,,,,,,,,,,,Prime Minister's Office,https//pacificsecurity.net/wp-content/uploads/2023/09/APSC-Cook-Islands-National-Security-Policy-2023-2026-1.pdf,No,0
550,550 Iraq First The Iraqi National Security Strategy 2007,Iraq,NSS,IRQ,368,2007,64,431,13477,English,,,,,,,,,,,National Security Council,https//smallwarsjournal.com/documents/iraqinationalsecuritystrategy.pdf,Yes,1
549,549 Niger Summary of the Strategy National Internal Security 2022_translated,Niger,NSS,NER,562,2022,9,110,1605,English (Translated),French (Original),,,,,,,,,,Ministry of Interior,http//www.interieur.gouv.ne/wp-content/uploads/2023/03/STRATEGIE-NATIONALE-DE-SECURITE-INTERIEURE-SNSI.pdf,Yes,1
548,548 Ecuador Towards a New Politics of Security Internal and External 2008_translated,Ecuador,NSS,ECU,218,2008,75,965,33104,English (Translated),Spanish (Original),,,,,,,,,,Coordinating Ministry Of Internal And External Security,https//www.slideshare.net/boblen/agenda-nacional-de-seguridad-interna-y-externa,Yes,1
547,547 Colombia National Defense Strategy 2022_translated,Colombia,DD,COL,170,2022,112,746,20876,English (Translated),Spanish (Original),,,,,,,,,,Ministry Of Defence,https//esdeglibros.edu.co/index.php/editorial/catalog/view/161/158/2004,Yes,1
546,546 Cambodia Defense White Paper 2022,Cambodia,WP,KHM,116,2022,88,551,13629,English,,,,,,,,,,,Ministry Of Defence,https//dot.mod.gov.kh/wp-content/uploads/2022/05/Cambodias-Defence-Policy-EN.pdf,Yes,1
545,545 Spain The National Security Strategy 2021,Spain,NSS,ESP,724,2021,114,594,16888,English,,,,,,,,,,,Presidency,https//www.dsn.gob.es/sites/dsn/files/ESN2021%20Accesible_1.pdf,No,0
544,544 United States of America National Military Strategy 1997,USA,DD,USA,840,1997,33,447,11048,English,,,,,,,,,,,Department of Defense,https//www.airandspaceforces.com/PDF/DocumentFile/Documents/2009/NMS1997_092997.pdf,No,0
543,543 Uruguay National Defense Policy 2014_translated,Uruguay,DD,URY,858,2014,42,326,6767,English (Translated),Spanish (Original),,,,,,,,,,Ministry Of Defence,http//archivo.presidencia.gub.uy/sci/decretos/2014/04/mdn_3578.pdf,Yes,1
542,542 United States of America National Security Strategy 1997,USA,NSS,USA,840,1997,34,759,20550,English,,,,,,,,,,,Presidency,https//history.defense.gov/Portals/70/Documents/nss/nss1997.pdf?ver=2whGiEUYiceAyme45GiJzA%3d%3d,No,0
541,541 United States of America National Security Strategy 1996,USA,NSS,USA,840,1996,50,1193,32828,English,,,,,,,,,,,Presidency,https//history.defense.gov/LinkClick.aspx?fileticket=uR0RBtWzJOc%3d&tabid=9115&portalid=70&mid=20231,No,0
540,540 United States of America National Security Strategy 1995,USA,NSS,USA,840,1995,41,927,23331,English,,,,,,,,,,,Presidency,https//history.defense.gov/Portals/70/Documents/nss/nss1995.pdf?ver=pzgo9pkDsWmIQqTYTC6O-Q%3d%3d,No,0
539,539 United States of America National Military Strategy 1995,USA,DD,USA,840,1995,30,422,10008,English,,,,,,,,,,,Department of Defense,https//history.defense.gov/Portals/70/Documents/nms/nms1995.pdf?ver=FpT1JOUGguy83LIRFW87Ow%3d%3d,No,0
538,538 United States of America National Security Strategy 1994,USA,NSS,USA,840,1994,31,726,18258,English,,,,,,,,,,,Presidency,https//history.defense.gov/Portals/70/Documents/nss/nss1994.pdf?ver=YPdbuschbfpPz3tyQQxaLg%3d%3d,No,0
537,537 United States of America National Security Strategy 1993,USA,NSS,USA,840,1993,26,541,12878,English,,,,,,,,,,,Presidency,https//nssarchive.us/wp-content/uploads/2020/04/1993.pdf,No,0
536,536 United States of America National Military Strategy 1992,USA,DD,USA,840,1992,32,442,10613,English,,,,,,,,,,,Department of Defense,https//history.defense.gov/Portals/70/Documents/nms/nms1992.pdf?ver=AsfWYUHa-HtcvnGGAuWXAg%3d%3d,No,0
535,535 United States of America National Security Strategy 1991,USA,NSS,USA,840,1991,37,793,19734,English,,,,,,,,,,,Presidency,https//history.defense.gov/Portals/70/Documents/nss/nss1991.pdf?ver=3sIpLiQwmknO-RplyPeAHw%3d%3d,No,0
534,534 United States of America National Security Strategy 1990,USA,NSS,USA,840,1990,34,675,16389,English,,,,,,,,,,,Presidency,https//nssarchive.us/wp-content/uploads/2020/04/1990.pdf,No,0
533,533 United States of America National Security Strategy 1988,USA,NSS,USA,840,1988,48,1081,26724,English,,,,,,,,,,,Presidency,https//history.defense.gov/Portals/70/Documents/nss/nss1988.pdf?ver=uXpmo-mT0TKzq2Ut6PmfjA%3d%3d,No,0
532,532 United States of America National Security Strategy 1987,USA,NSS,USA,840,1987,41,1044,24109,English,,,,,,,,,,,Presidency,https//history.defense.gov/Portals/70/Documents/nss/nss1987.pdf?ver=FUZbPLy3ZDfa4UTDpMkNzw%3d%3d,No,0
531,531 United Kingdom Defence s response to a more contested and volatile world 2023,UK,DD,GBR,826,2023,97,1208,33959,English,,,,,,,,,,,Ministry of Defence,https//assets.publishing.service.gov.uk/government/uploads/system/uploads/attachment_data/file/1171269/Defence_Command_Paper_2023_Defence_s_response_to_a_more_contested_and_volatile_world.pdf,No,0
530,530 United Kingdom A Strong Britain in an Age of Uncertainty 2010 SDR,UK,DD,GBR,826,2010,75,960,31857,English,,,,,,,,,,,Prime Minister'S Office,https//assets.publishing.service.gov.uk/media/5a78da21ed915d0422065d95/strategic-defence-security-review.pdf,No,0
529,529 Switzerland Security through Cooperation - Report 2000 on Security Policy 2000,Switzerland,DD,CHE,756,2000,32,442,9294,English,,,,,,,,,,,Department of Defense,https//www.files.ethz.ch/isn/14840/brocjh_SecPol2000_e.pdf,No,0
528,528 South Africa Defense White Paper 1996,South Africa,WP,ZAF,710,1996,37,705,16266,English,,,,,,,,,,,Ministry of Defence,https//www.files.ethz.ch/isn/155722/SouthAfrica1996.pdf,Yes,1
527,527 Slovenia Defence Strategy of the Republic of Slovenia 2013,Slovenia,DD,SVN,705,2013,70,503,16982,English,Slovenian,,,,,,,,,,Ministry of Defence,https//www.gov.si/assets/ministrstva/MO/Dokumenti/Obrambna_strategija_RS_2012_slo_eng.pdf,No,0
526,526 Portugal The Defense of Portugal National Defense Policy 2015_translated,Portugal,DD,PRT,620,2015,272,2243,66619,English (Translated),Portuguese (Original),,,,,,,,,,Ministry Of Defence,https//www.defesa.gov.pt/pt/comunicacao/documentos/Lists/PDEFINTER_DocumentoLookupList/A-Defesa-de-Portugal-2015.pdf,No,0
525,525 Poland Security Policy and Defence Strategy 1992_translated,Poland,DD,POL,616,1992,25,316,7436,English (Translated),Polish (original),,,,,,,,,,Ministry Of Defence,https//www.google.com/url?sa=t&rct=j&q=&esrc=s&source=web&cd=&ved=2ahUKEwjRgPGQ1PqBAxVcVUEAHZnVBU4QFnoECA0QAQ&url=https%3A%2F%2Fkoziej.pl%2Fwp-content%2Fuploads%2F2015%2F07%2FStrategia_RP_z_92_r.doc&usg=AOvVaw1B56bdhxSLjaQCkaUBKX7Z&opi=89978449,No,0
524,524 Paraguay National Defense Policy 1999_translated,Paraguay,DD,PRY,600,1999,13,98,3268,English (Translated),Spanish (Original),,,,,,,,,,Presidency,https://www.scribd.com/document/687202586/Politica-de-Defensa-1999-2020?doc_id=687202586&order=639386920,Yes,1
523,523 Norway Strategic Defence Review 2015_translated,Norway,DD,NOR,578,2015,173,3737,76747,English (Translated),Norwegian (Original),,,,,,,,,,Ministry of Defence,https//www.regjeringen.no/contentassets/10336d68c60e42bcb37d92a27b333012/no/pdfs/prp201520160001_fddddpdfs.pdf,No,0
522,522 Norway National Strategic concept 2005_translated,Norway,NSS,NOR,578,2005,134,3591,70148,English (Translated),Norwegian (Original),,,,,,,,,,Ministry of Defence,https//www-regjeringen-no.translate.goog/no/dokumenter/stprp-nr-1-2005-2006-/id297546/?ch=1&_x_tr_sl=auto&_x_tr_tl=en&_x_tr_hl=en-US&_x_tr_pto=wapp,No,0
521,521 Norway Defense Study 2003_translated,Norway,DD,NOR,578,2003,88,1446,32357,English (Translated),Norwegian (Original),,,,,,,,,,Ministry of Defence,https//www.forsvaret.no/forskning/forskning-utvikling-ved-forsvarets-hogskole/institutt-for-forsvarsstudier/forskningsressurser/fagmilitaere-utredninger/2003%20Forsvarssjefens%20milit‚àö¬∂rfaglige%20utredning.pdf/_/attachment/inline/37ff4173-b5ec-4cd5-805b-a4bb1124436141dcdcd13b9aef9374b058028a373e416c276dfe/2003%20Forsvarssjefens%20milit‚àö¬∂rfaglige%20utredning.pdf,No,0
519,519 Latvia National Security Concept 2015_translated,Latvia,NSS,LVA,428,2015,13,314,10411,English (Translated),Latvian (Original),,,,,,,,,,Ministry Of Defence,https//likumi.lv/ta/id/278107-par-nacionalas-drosibas-koncepcijas-apstiprinasanu,No,0
518,518 Latvia National Defence Concept 2008_translated,Latvia,DD,LVA,428,2008,13,139,4789,English (Translated),Latvian (Original),,,,,,,,,,Ministry of Defence,https//www.mod.gov.lv/sites/mod/files/document/VAK_2008_2012.pdf,No,0
517,517 Latvia National Security Concept 2002_translated,Latvia,NSS,LVA,428,2002,13,342,10487,English (Translated),Latvian (Original),,,,,,,,,,Ministry Of Defence,https//likumi.lv/ta/id/227208-par-nacionalas-drosibas-koncepciju,No,0
516,516 Latvia Defense Concept 1995_translated,Latvia,DD,LVA,428,1995,8,152,3207,English (Translated),Latvian (Original),,,,,,,,,,Ministry of Defence,https//www.mod.gov.lv/sites/mod/files/document/VAK_1995_2001.pdf,No,0
515,515 Republic of Korea Defense White Paper 2022,Republic of Korea,WP,KOR,410,2022,408,5622,190013,English,,,,,,,,,,,Ministry Of Defence,https//www.mnd.go.kr/user/mndEN/upload/pblictn/PBLICTNEBOOK_202307280406019810.pdf,Former,0
514,514 Italy Libro Bianco 2002_translated,Italy,WP,ITA,380,2002,244,4522,146710,English (Translated),Italian (Original),,,,,,,,,,Ministry of Defence,https//files.studiperlapace.it/spp_zfiles/docs/20060816165432.pdf,No,0
513,513 Hungary National Military Strategy 2021,Hungary,DD,HUN,348,2021,39,376,11908,English,,,,,,,,,,,Ministry of Defence,https//defence.hu/news/national-military-strategy-of-hungary.html,No,0
512,512 Hungary Basic Principles of Security and Defense Policy 1998_translated,Hungary,DD,HUN,348,1998,4,68,2003,English (Translated),Hungarian (Original),,,,,,,,,,Parliament,http://www.grotius.hu/doc/pub/FJDLLR/2009_158_ignath_eva_1998_biztpol_alapelvek.pdf,No,0
511,511 Guatemala National Security Policy 2017_translated,Guatemala,NSS,GTM,320,2017,58,479,14035,English (Translated),Spanish (Original),,,,,,,,,,National Security Council,https//stcns.gob.gt/docs/2017/Reportes_DMC/Politica_Nacional_de_Seguridad_2017.pdf,Yes,1
510,510 France Defense White Paper 1994_translated,France,WP,FRA,250,1994,178,2023,53425,English (Translated),French (Original),,,,,,,,,,Ministry of Defence,https//medias.vie-publique.fr/data_storage_s3/rapport/pdf/944048700.pdf,No,0
508,"508 El Salvador Defense, Security and Development 1998_translated",El Salvador,DD,SLV,222,1998,21,98,4034,English (Translated),Spanish (Original),,,,,,,,,,Ministry Of Defence,http//www.oas.org/csh/docs/La%20Naci‚àö‚â•n%20Salvadore‚àö¬±a.pdf,Yes,1
507,507 Ecuador National Integral Security Plan 2019_translated,Ecuador,NSS,ECU,218,2019,166,707,19510,English (Translated),Spanish (Original),,,,,,,,,,Ministry Of Defence,https//www.defensa.gob.ec/wp-content/uploads/downloads/2019/07/plan-matriz-web.pdf,Yes,1
506,506 Denmark Danish Defence and Diplomacy in Times of Change 2016_translated,Denmark,DD,DNK,208,2016,128,3010,76654,English (Translated),Danish (Original),,,,,,,,,,Ministry of Foreign Affairs,https//um.dk/en/foreign-policy/danish-defence-and-diplomacy-in-times-of-change,No,0
505,505 Czechia Defense strategy 2023_translated,Czechia,DD,CZE,203,2023,24,370,9703,English (Translated),Czech (Original),,,,,,,,,,Ministry of Defence,https//mocr-army-cz.translate.goog/dokumenty-a-legislativa/ceske-dokumenty-46088/?_x_tr_sl=cs&_x_tr_tl=en&_x_tr_hl=en&_x_tr_pto=wapp,No,0
504,504 Czechia Security strategy 2023,Czechia,NSS,CZE,203,2023,22,588,14074,English,Czech,,,,,,,,,,Ministry Of Defence,https//mocr-army-cz.translate.goog/dokumenty-a-legislativa/ceske-dokumenty-46088/?_x_tr_sl=cs&_x_tr_tl=en&_x_tr_hl=en&_x_tr_pto=wapp,No,0
503,503 Czechia Doctrine of the Armed Forces 2004_translated,Czechia,DD,CZE,203,2004,149,1258,35175,English (Translated),Czech (Original),,,,,,,,,,Ministry of Defence,https//mocr-army-cz.translate.goog/dokumenty-a-legislativa/ceske-dokumenty-46088/?_x_tr_sl=cs&_x_tr_tl=en&_x_tr_hl=en&_x_tr_pto=wapp,No,0
502,502 Czechia Security strategy of the Czech Republic 2003_translated,Czechia,NSS,CZE,203,2003,22,391,10544,English (Translated),Czech (Original),,,,,,,,,,Ministry Of Defence,https//mocr-army-cz.translate.goog/dokumenty-a-legislativa/ceske-dokumenty-46088/?_x_tr_sl=cs&_x_tr_tl=en&_x_tr_hl=en&_x_tr_pto=wapp,No,0
501,501 Czechia Security strategy of the Czech Republic 2001_translated,Czechia,NSS,CZE,203,2001,13,255,6773,English (Translated),Czech (Original),,,,,,,,,,Ministry Of Defence,https//mocr-army-cz.translate.goog/dokumenty-a-legislativa/ceske-dokumenty-46088/?_x_tr_sl=cs&_x_tr_tl=en&_x_tr_hl=en&_x_tr_pto=wapp,No,0
500,500 Czechia Security strategy of the Czech Republic 1999_translated,Czechia,NSS,CZE,203,1999,10,268,7374,English (Translated),Czech (Original),,,,,,,,,,Ministry Of Defence,https//mocr-army-cz.translate.goog/dokumenty-a-legislativa/ceske-dokumenty-46088/?_x_tr_sl=cs&_x_tr_tl=en&_x_tr_hl=en&_x_tr_pto=wapp,No,0
499,499 Czechia Military strategy of the Czech Republic 1999_translated,Czechia,DD,CZE,203,1999,9,161,4720,English (Translated),Czech (Original),,,,,,,,,,Ministry of Defence,https//mocr-army-cz.translate.goog/dokumenty-a-legislativa/ceske-dokumenty-46088/?_x_tr_sl=cs&_x_tr_tl=en&_x_tr_hl=en&_x_tr_pto=wapp,No,0
498,498 Czechia White Paper on Defence of the Czech Republic 1995_translated,Czechia,WP,CZE,203,1995,78,1033,27687,English (Translated),Czech (Original),,,,,,,,,,Ministry of Defense,https//mocr.army.cz/images/Bilakniha/CSD/1995%20Bila%20kniha%20o%20obrane%20CR.pdf,No,0
497,497 Croatia Strategic Defence Review 2013_translated,Croatia,DD,HRV,191,2013,53,611,14644,English (Translated),Croatian (Original),,,,,,,,,,Ministry of Defence,https//www.morh.hr/wp-content/uploads/2017/10/strateski_pregled_obrane_nn-101-2013.pdf,No,0
496,496 Colombia Comprehensive Security and Defense Policy for Prosperity 2011_translated,Colombia,DD,COL,170,2011,44,232,7092,English (Translated),Spanish (Original),,,,,,,,,,Ministry Of Defence,https//www.mindefensa.gov.co/irj/go/km/docs/Mindefensa/Documentos/descargas/Documentos_Home/pispd.pdf,Yes,1
495,495 Bulgaria Program for the Development of the Defense Capabilities 2015_translated,Bulgaria,DD,BGR,100,2015,38,267,10071,English (Translated),Bulgarian (Original),,,,,,,,,,Ministry of Defence,https//www.mod.bg/bg/doc/cooperation/20181009_Programa_razvitie_otbranit%20sposobnosti.pdf,No,0
494,494 Brazil National Defense Policy and National Defense Strategy 2020_translated,Brazil,DD,BRA,76,2020,41,584,17174,English (Translated),Portuguese (Original),,,,,,,,,,Ministry of Defense,https//www.gov.br/defesapt-br/assuntos/copy_of_estado-e-defesa/pnd_end_congressonacional_22_07_2020.pdf,Yes,1
493,493 Brazil Defense & Environment 2017_translated,Brazil,DD,BRA,76,2017,27,296,7214,English (Translated),Portuguese (Original),,,,,,,,,,Ministry of Defense,https//www.gov.br/defesa/pt-br/arquivos/asplan/defesa-meio-ambiente.pdf,Yes,1
492,492 Brazil Defense Scenario 2020 - 2039 Executive Summary 2017_translated,Brazil,DD,BRA,76,2017,65,1124,19665,English (Translated),Portuguese (Original),,,,,,,,,,Ministry of Defense,https//www.gov.br/defesa/pt-br/assuntos/copy_of_estado-e-defesa/revista_cenario_de_defesa.pdf,Yes,1
491,491 Brazil National Defense Policy 1996,Brazil,WP,BRA,76,1996,4,82,2407,English (Translated),Portuguese (Original),,,,,,,,,,Ministry of Defence,https//www.files.ethz.ch/isn/154865/Brazil_English1996.pdf,Yes,1
490,490 Bosnia and Herzegovina Defense Planning Policy 2009_translated,Bosnia and Herzegovina,WP,BIH,70,2009,26,210,10395,English (Translated),Bosnian (Original),,,,,,,,,,Ministry of Defense,http//www.mod.gov.ba/dokumenti/interni_dokumenti/Politika%20odbrambenog%20planiranja%20-%20Bosanski%20jezik.pdf,Former,0
489,489 Belgium The Value of the Belgian Defence 2014,Belgium,DD,BEL,56,2014,48,400,9976,English,,,,,,,,,,,Ministry of Defence,https//silo.tips/queue/2-the-value-of-the-belgian-defence?&queue_id=-1&v=1696942302&u=MmEwMDoyM2M1OmM3M2I6MjgwMToyODExOmI4ZTM6NWU0ODpmNmMz,No,0
487,487 Australia Defence White Paper 1987,Australia,WP,AUS,36,1987,65,1670,40889,English,,,,,,,,,,,Ministry Of Defence,https//www.defence.gov.au/about/strategic-planning/defence-white-paper,No,0
486,486 Australia Defence White Paper 1994,Australia,WP,AUS,36,1994,93,2130,52170,English,,,,,,,,,,,Ministry Of Defence,https//www.defence.gov.au/about/strategic-planning/defence-white-paper,No,0
485,485 Argentina National Defence Policy Directive 2021_translated,Argentina,DD,ARG,32,2021,39,508,19491,English (Translated),Spanish (Original),,,,,,,,,,Ministry of Defense,https//www.boletinoficial.gob.ar/detalleAviso/primera/246990/20210719,Yes,1
484,484 Argentina National Defence Policy Directive 2018_translated,Argentina,DD,ARG,32,2018,14,271,8351,English (Translated),Spanish (Original),,,,,,,,,,Ministry of Defense,https//www.argentina.gob.ar/normativa/nacional/decreto-703-2018-312871/texto,Yes,1
483,483 Albania National Security Strategy 2014_translated,Albania,NSS,ALB,8,2014,36,376,11057,English (Translated),Albanian (Original),,,,,,,,,,Ministry Of Defence,https//www.mod.gov.al/images/PDF/strategjia_sigurise_kombetare_republikes_se_shqiperise.pdf,No,0
482,482 Georgia Threat Assessment for 2010-2013,Georgia,TA,GEO,268,2010,5,73,1943,English,,,,,,,,,,,Ministry Of Defence,https//mod.gov.ge/uploads/2018/pdf/TAD-ENG.pdf,No,0
481,481 China The Diversified Employment of China's Armed Forces 2013,China,WP,CHN,156,2013,18,389,10449,English,,,,,,,,,,,Central Government,http//english.www.gov.cn/archive/white_paper/2014/08/23/content_281474982986506.htm,Associate,1
480,480 China s National Defense in 2000,China,WP,CHN,156,2000,35,591,16800,English,,,,,,,,,,,Central Government,http//www.andrewerickson.com/wp-content/uploads/2019/07/China-Defense-White-Paper_2000_English.pdf,Associate,1
479,479 China National Defense in 1998,China,WP,CHN,156,1998,73,472,18528,English (Translated),Chinese (Original),,,,,,,,,,Central Government,http//www.andrewerickson.com/wp-content/uploads/2019/07/China-Defense-White-Paper_1998_English-Chinese.pdf,Associate,1
478,478 Russia National Security Concept of the Russian Federation 2000,Russia,NSS,RUS,643,2000,16,161,7353,English,,,,,,,,,,,Executive,https//www.armscontrol.ru/start/rus/docs/sncon00.htm,No,0
477,477 Russia National Security Concept of the Russian Federation 1997,Russia,NSS,RUS,643,1997,20,304,11891,English,,,,,,,,,,,Executive,https//www.armscontrol.ru/start/rus/docs/snconold.htm,No,0
476,476 Romania Defense White Paper 2017_translated,Romania,WP,ROU,642,2017,69,208,10849,English (Translated),Romanian (Original),,,,,,,,,,Ministry Of Defence,https://lege5.ro/Gratuit/gi3dcmzzge3q/carta-alba-a-apararii-din-20112017/4,Former,0
475,475 Romania Defense White Paper 2021_translated,Romania,WP,ROU,642,2021,54,424,18868,English (Translated),Romanian (Original),,,,,,,,,,Ministry Of Defence,https//sgg.gov.ro/1/wp-content/uploads/2021/03/CARTA-ALBA-A-APARARII-.pdf,Former,0
474,474 Paraguay Primer Libro Blanco Defensa Nacional 2013_translated,Paraguay,WP,PRY,600,2013,266,2577,66556,English (Translated),Spanish (Original),,,,,,,,,,Ministry Of Defence,https//onedrive.live.com/view.aspx?resid=91B41DCBB418BB37!673&authkey=!ADH-X6nGoFZH92M,Yes,1
473,473 Mexico National Security Program 2014_translated,Mexico,NSS,MEX,484,2014,28,864,25293,English (Translated),Spanish (Original),,,,,,,,,,Executive,https//www.dof.gob.mx/nota_detalle.php?codigo=5342824&fecha=30/04/2014#gsc.tab=0,Yes,1
472,472 Haiti White Paper on Security and National Defense 2015_translated,Haiti,WP,HTI,332,2015,152,1478,33841,English (Translated),French (Original),,,,,,,,,,Executive,https//www.haitilibre.com/docs/Livre_Blanc.pdf,Yes,1
471,471 Angola Livro Branco de Defesa Nacional 2018_translated,Angola,WP,AGO,24,2018,26,358,11687,English (Translated),Portuguese (Original),,,,,,,,,,Executive,https//faa.ao/themes/admin/assets/img/normas/livro_defesa%20_nacional.pdf,Yes,1
469,469 Norway The long term defence plan for 2002-2005,Norway,DD,NOR,578,2002,14,177,4541,English,,,,,,,,,,,Ministry of Defence,https//www.regjeringen.no/no/dokumenter/The-long-term-defence-plan-for-2002-2005---Short-version-text/id419317/,No,0
468,468 North Macedonia Strategic Defence Review 2018,North Macedonia,DD,MKD,807,2018,52,722,17299,English,,,,,,,,,,,Ministry of Defence,https//mod.gov.mk/storage/2021/06/SDR-Paper-dated-05-July-2018.pdf,No,0
467,467 New Zealand Defense Assessment 2010,New Zealand,DD,NZL,554,2010,160,2222,55409,English,,,,,,,,,,,Ministry of Defence,https//www.defence.govt.nz/assets/Uploads/767f2f07c3/defence-review-2009-released-defence-assessment-july-2010.pdf,No,0
466,466 Nepal National Security Policy 2016,Nepal,NSS,NPL,524,2016,55,266,9824,English,,,,,,,,,,,Central Government,https//nepalindata.com/resource/pdf/National-Security-Policy--2016/,Yes,1
465,465 Namibia Defense Policy 2011,Namibia,DD,NAM,516,2011,66,516,13835,English,,,,,,,,,,,Ministry of Defence,https//modva.gov.na/policies/-/document_library/yeah/view_file/422609,Yes,1
464,464 Mongolia National Security Concept 2010,Mongolia,NSS,MNG,496,2010,33,294,7036,English,,,,,,,,,,,Ministry Of Foreign Affairs,https//mfa.gov.mn/en/documentation/55280/,Yes,1
463,463 Mongolia Defense Update 2016_translated,Mongolia,DD,MNG,496,2016,7,142,3364,English (Translated),Mongolian (Original),,,,,,,,,,Ministry of Defence,https//legalinfo.mn/mn/detail/12122,Yes,1
462,462 Mongolia Defense White Paper 1998,Mongolia,WP,MNG,496,1998,133,808,28763,English,,,,,,,,,,,Ministry of Defense,https//www.files.ethz.ch/isn/157120/Mongolia_Eng-1998.pdf,Yes,1
461,461 Japan Defense of Japan 2023,Japan,WP,JPN,392,2023,561,9313,314728,English,Japanese,Chinese (only digest version),,,,,,,,,Ministry of Defense,https//www.mod.go.jp/en/publ/w_paper/wp2023/DOJ2023_EN_Full.pdf,No,0
460,460 Japan Defense of Japan 2012,Japan,WP,JPN,392,2012,9,45,1699,English,Japanese,,,,,,,,,,Ministry of Defense,https//www.files.ethz.ch/isn/156819/Japan%20-%20Defense%20of%20Japan%202012.pdf,No,0
459,459 Georgia White Paper 2017_translated,Georgia,WP,GEO,268,2017,17,119,3613,English (Translated),Georgian (Original),,,,,,,,,,Ministry of Defense,https//mod.gov.ge/uploads/public/strtegiebi_kocefciebi/¬∑√â√≥¬∑√â√Æ¬∑√â√≥¬∑√â‚Ä†¬∑√â√≤_¬∑√â¬®¬∑√â√≤¬∑√â√≠¬∑√â√∫¬∑√â√≤_2017-2020.pdf,No,0
458,458 Georgia White Paper 2014_translated,Georgia,WP,GEO,268,2014,77,828,23440,English (Translated),Georgian (Original),,,,,,,,,,Ministry of Defense,https//mod.gov.ge/uploads/archive/pdf/WB_2014_GEO.pdf,No,0
457,457 Georgia White Paper 2013_translated,Georgia,WP,GEO,268,2013,140,874,21736,English (Translated),Georgian (Original),,,,,,,,,,Ministry of Defence,https//mod.gov.ge/uploads/public/strtegiebi_kocefciebi/Tetri_wigni_2013.pdf,No,0
456,456 Ecuador Agenda Política de la Defensa 2014-2017_translated,Ecuador,DD,ECU,218,2014,104,621,17281,English (Translated),Spanish (Original),,,,,,,,,,Ministry Of Defence,https//www.defensa.gob.ec/wp-content/uploads/downloads/2014/06/Agenda-Politica-Defensa.pdf,Yes,1
455,455 Ecuador Política de la Defensa Nacional del Ecuador 2002_translated,Ecuador,DD,ECU,218,2002,250,999,30678,English (Translated),Spanish (Original),,,,,,,,,,Ministry Of Defence,http//www.oas.org/csh/spanish/documentos/politica%20defensa_2002_ecuador.pdf,Yes,1
454,454 Dominican Republic Plan Estrategico Institucional PEI 2017_translated,Dominican Republic,DD,DOM,214,2017,170,2796,54094,English (Translated),Spanish (Original),,,,,,,,,,Ministry of Defense,https//mide.gob.do/wp-content/uploads/2021/06/Plan-Estrategico-2017-2020-MIDE.pdf,Yes,1
453,453 Colombia Política de Defensa y Seguridad 2019_translated,Colombia,DD,COL,170,2019,85,944,27455,English (Translated),Spanish (Original),,,,,,,,,,Ministry Of Defence,https//www.mindefensa.gov.co/irj/go/km/docs/Mindefensa/Documentos/descargas/Prensa/Documentos/politica_defensa_deguridad2019.pdf,Yes,1
452,452 Colombia Política de Defensa y Seguridad 2015_translated,Colombia,DD,COL,170,2015,37,365,13345,English (Translated),Spanish (Original),,,,,,,,,,Ministry of Defense,https//www.mindefensa.gov.co/irj/go/km/docs/Mindefensa/Documentos/descargas/Documentos_Descargables/espanol/politica_defensa_deguridad2015.pdf,Yes,1
451,451 Chile Politica de Defensa Nacional de Chile 2020_translated,Chile,DD,CHL,152,2020,110,791,26797,English (Translated),Spanish (Original),,,,,,,,,,Ministry Of Defence,http//163.247.42.118/transparencia/POLDEF/POLDEF2020/POLDEF2020.pdf,Yes,1
450,450 Brazil National Defense Policy and National Defense Strategy 2016_translated,Brazil,DD,BRA,76,2016,37,486,12153,English (Translated),Portuguese (Original),,,,,,,,,,Ministry of Defense,https//www.gov.br/defesa/pt-br/arquivos/estado_e_defesa/copy_of_pnd_e_end_2016.pdf,Yes,1
449,449 Bolivia Institutional Strategic Plan of the Ministry of Defense 2016 - 2020_translated,Bolivia,DD,BOL,68,2016,156,673,30654,English (Translated),Spanish (Original),,,,,,,,,,Ministry of Defense,https//www.ribb.gob.bo/web/stock/poa/PEI2016-2020MINDEF.pdf,Yes,1
448,448 Australia s National Security A defense update 2003,Australia,NSS,AUS,36,2003,29,263,5813,English,,,,,,,,,,,Ministry Of Defence,https//apps.dtic.mil/sti/tr/pdf/ADA480968.pdf,No,0
447,447 Austria Military Strategic Concept 2017,Austria,DD,AUT,40,2017,39,309,10868,English,,,,,,,,,,,Federal Ministry of Defence,https//www.bmlv.gv.at/wissen-forschung/publikationen/beitrag.php?id=3499,No,0
446,446 Austria Military Strategic Concept 2015_translated,Austria,DD,AUT,40,2015,78,1055,24340,English (Translated),German (Original),,,,,,,,,,Ministry of Defence,https//www.bmlv.gv.at/wissen-forschung/publikationen/beitrag.php?id=2671,No,0
445,445 Austria Defense policy 2014_translated,Austria,DD,AUT,40,2014,36,378,9031,English (Translated),German (Original),,,,,,,,,,Federal Ministry of Defence and Sport,https//www.bmlv.gv.at/pdf_pool/publikationen/teilstrategie_verteidigungspolitik.pdf,No,0
444,444 Australia s National Security A defense update 2005,Australia,NSS,AUS,36,2005,32,476,9836,English,,,,,,,,,,,Ministry Of Defence,https//www.almendron.com/tribuna/wp-content/uploads/2016/02/defence_update_2005.pdf,No,0
443,443 Slovenia Military Doctrine 2006_translated,Slovenia,DD,SVN,705,2006,112,867,21329,English (Translated),Slovenian (Original),,,,,,,,,,Ministry of Defence,https//www.slovenskavojska.si/fileadmin/user_upload/Slike/O_vojski/Podatki_in_dejstva/Dokumenti/VD_2oo6_v_2_slo.pdf,No,0
442,442 Romania THE MILITARY STRATEGY OF ROMANIA 2016,Romania,DD,ROU,642,2016,19,151,7834,English,,,,,,,,,,,Ministry Of Defence,https//eda.europa.eu/docs/default-source/Defence-Procurement-Gateway/ro_milstrategy.pdf,Former,0
441,441 Lithuania White Paper 2002,Lithuania,WP,LTU,440,2002,74,933,25122,English,,,,,,,,,,,Ministry Of Defence,https//www.files.ethz.ch/isn/156892/Lithuania-2002.pdf,No,0
440,440 Greece White Paper for the Armed Forces 1997,Greece,WP,GRC,300,1997,86,1112,29132,English,Greek,,,,,,,,,,Ministry of Defence,https//ecfr.eu/archive/page/-/Gr‚àö¬Æce_-_1997_-_White_Paper_on_Defence.pdf,No,0
439,439 Canada White Paper on Defence 1994,Canada,WP,CAN,124,1994,36,975,24646,English,,,,,,,,,,,Ministry Of Defence,https//publications.gc.ca/collections/collection_2012/dn-nd/D3-6-1994-eng.pdf,No,0
438,438 Czechia National Defense Strategy of the Czech Republic 1997,Czechia,WP,CZE,203,1997,12,142,5033,English,,,,,,,,,,,Ministry of Defence,https//www.army.cz/assets/en/ministry-of-defence/basic-documents/7_national_defence_strategy_cr.pdf,No,0
437,437 Bulgaria ARMED FORCES DEVELOPMENT PLAN 2010,Bulgaria,DD,BGR,100,2010,33,538,12974,English,,,,,,,,,,,Ministry of Defence,https//www.mod.bg/en/doc/misc/20110207_AFDP_ENG.pdf,No,0
435,435 Bulgaria Bulgaria in NATO and European Defense 2020 (2014),Bulgaria,DD,BGR,100,2014,16,167,5055,English,,,,,,,,,,,Ministry of Defence,https//www.google.com/url?sa=t&rct=j&q=&esrc=s&source=web&cd=&ved=2ahUKEwiA19yO3t6BAxXsQEEAHVUqD7UQFnoECBsQAQ&url=https%3A%2F%2Fwww.strategy.bg%2FFileHandler.ashx%3FfileId%3D9442&usg=AOvVaw3_mN9pcTaQJZz8gr4ZNgZd&opi=89978449,No,0
434,434 Kyrgyzstan On the Concept of National Security 2021_translated,Kyrgyzstan,NSS,KGZ,417,2021,2,333,15114,English (Translated),Kyrgyz (Original),,,,,,,,,,Ministry Of Justice,https://cbd.minjust.gov.kg/430815/edition/1118046/kg,No,0
433,433 Belarus Military Doctrine of the Republic of Belarus 2016_translated,Belarus,DD,BLR,112,2016,18,208,9150,English (Translated),Russian (Original),,,,,,,,,,Ministry Of Defence,https//pravo.by/document/?guid=12551&p0=H11600412,No,0
432,432 Belarus Military Doctrine of the Republic of Belarus 2002_translated,Belarus,DD,BLR,112,2002,17,105,6307,English (Translated),Russian (Original),,,,,,,,,,Ministry Of Defence,https//pravo-levonevsky-org.translate.goog/bazaby/zakon/zakb0546.htm?_x_tr_sch=http&_x_tr_sl=auto&_x_tr_tl=en&_x_tr_hl=en-US&_x_tr_pto=wapp,No,0
431,431 Germany National Security Strategy 2023,Germany,NSS,DEU,276,2023,76,969,22262,English,German,French,Spanish,Polish,Ukrainian,Japanese,Arabic,Chinese,Portuguese,Russian,Ministry of Foreign Affairs,https//www.nationalesicherheitsstrategie.de/en.html,No,0
430,430 Bulgaria National Security Strategy 2018_translated,Bulgaria,NSS,BGR,100,2018,33,467,15356,English (Translated),Bulgarian (Original),,,,,,,,,,Ministry Of Defence,https//www.mod.bg/bg/doc/cooperation/20181005_Akt_strateg_NS_RB.pdf,No,0
429,429 Belgium National Security Strategy 2022_translated,Belgium,NSS,BEL,56,2022,48,627,14385,English (Translated),French (Original),,,,,,,,,,Ministry Of Foreign Affairs,https//www.premier.be/sites/default/files/articles/NVS_Numerique_FR.pdf,No,0
428,428 Uruguay Defence Policy proposal 2020_translated,Uruguay,DD,URY,858,2020,20,186,5730,English (Translated),Spanish (Original),,,,,,,,,,"Ministry Of National Defence, Ministry Of The Interior, Ministry Of Foreign Affairs, Ministry Of Economy And Finance",,Yes,1
427,427 Uruguay Bases for a National Defense Policy 1999_translated,Uruguay,DD,URY,858,1999,12,353,9913,English (Translated),Spanish (Original),,,,,,,,,,Ministry of National Defense,http//www.oas.org/csh/spanish/doclibrdefurug.asp,Yes,1
426,426 Australia National Defence-Defence Strategic Review 2023,Australia,DD,AUS,36,2023,116,858,17834,English,,,,,,,,,,,Ministry Of Defence,https//www.defence.gov.au/about/reviews-inquiries/defence-strategic-review,No,0
425,425 Japan National Security Strategy of Japan 2022,Japan,NSS,JPN,392,2022,36,427,14157,English,,,,,,,,,,,National Security Council,https://www.cas.go.jp/jp/siryou/221216anzenhoshou/nss-e.pdf,No,0
424,424 Ukraine White Book 2021,Ukraine,WP,UKR,804,2021,122,758,38226,English,,,,,,,,,,,Ministry of Defence,https//www.mil.gov.ua/content/files/whitebook/WhiteBook_2021_Defens_policy_of_Ukraine.pdf,No,0
423,423 Japan Defense of Japan 2022,Japan,WP,JPN,392,2022,543,9202,310805,English,Japanese,,,,,,,,,,Ministry of Defense,https//www.mod.go.jp/en/publ/w_paper/wp2022/DOJ2022_EN_Full_02.pdf,No,0
422,422 United States of America National Security Strategy 2022,USA,NSS,USA,840,2022,48,914,23998,English,,,,,,,,,,,Presidency,https//www.whitehouse.gov/wp-content/uploads/2022/10/Biden-Harris-Administrations-National-Security-Strategy-10.2022.pdf,No,0
421,421 Republic of Korea Defence White Paper 2020,Republic of Korea,WP,KOR,410,2020,450,4149,160827,English,,,,,,,,,,,Ministry Of Defence,https//www.mnd.go.kr/user/mndEN/upload/pblictn/PBLICTNEBOOK_202301171100181360.pdf,Former,0
420,420 United Kingdom Integrated Review Refresh 2023,UK,NSS,GBR,826,2023,63,896,26632,English,,,,,,,,,,,Cabinet Office,https//assets.publishing.service.gov.uk/government/uploads/system/uploads/attachment_data/file/1143306/11857435_NS_IR_Refresh_2023_Supply_AllPages_Revision_6_WEB_PDF.pdf,No,0
419,419 Montenegro Strategy of National Security with the Action Plan 2018,Montenegro,NSS,MNE,499,2018,64,688,15429,English,,,,,,,,,,,unclear,https//www.scribd.com/document/492278381/Strategy-of-National-Security-of-Montenegro-With-the-Action-Plan-1,No,0
417,417 Vietnam National Defence White paper 2019,Vietnam,WP,VNM,704,2019,134,806,27394,English,,,,,,,,,,,Ministry of Defence,http//mod.gov.vn/wps/wcm/connect/08963129-c9cf-4c86-9b5c-81a9e2b14455/2019VietnamNationalDefence.pdf?MOD=AJPERES&CACHEID=08963129-c9cf-4c86-9b5c-81a9e2b14455,Yes,1
416,416 Vietnam National Defence White paper 2009,Vietnam,WP,VNM,704,2009,156,628,24624,English,,,,,,,,,,,Ministry of National Defence,https//www.files.ethz.ch/isn/155222/Vietnam2009.pdf,Yes,1
415,415 Vanuatu National Security Strategy Secure and Resilient 2019,Vanuatu,NSS,VUT,548,2019,72,729,16787,English,,,,,,,,,,,Prime Minister'S Office,https//pacificsecurity.net/wp-content/uploads/2021/03/Vanuatu_National_Security_Strategy-1.pdf,Yes,1
414,414 United States of America Interim National Security Strategic Guidance 2021,USA,NSS,USA,840,2021,24,330,7991,English,,,,,,,,,,,Presidency,https//www.whitehouse.gov/briefing-room/statements-releases/2021/03/03/interim-national-security-strategic-guidance/,No,0
413,413 United States of America The National Military Strategy 2018,USA,DD,USA,840,2018,8,47,1333,English,,,,,,,,,,,Department of Defense,https//history.defense.gov/Portals/70/Documents/nms/NMS2018%20Overview.pdf?ver=oERVYfgg1p-jtlK_kYsZHQ%3d%3d,No,0
412,412 United States of America The National Military Strategy 2015,USA,DD,USA,840,2015,24,315,6504,English,,,,,,,,,,,Department of Defense,https//history.defense.gov/Portals/70/Documents/nms/NMS2015.pdf?ver=XGOU_7X6YpNjZfuym7Jfvw%3d%3d,No,0
411,411 United States of America The National Military Strategy 2011,USA,DD,USA,840,2011,24,382,9004,English,,,,,,,,,,,Department of Defense,https//www.files.ethz.ch/isn/154942/US%20National%20Military%20Strategy%202011.pdf,No,0
410,410 United States of America The National Military Strategy 2004,USA,DD,USA,840,2004,38,533,12078,English,,,,,,,,,,,Department of Defense,https//www.globalsecurity.org/military/library/policy/dod/d20050318nms.pdf,No,0
409,409 United States of America The National Defense Strategy 2018,USA,DD,USA,840,2018,14,225,5059,English,,,,,,,,,,,Department of Defense,https//dod.defense.gov/Portals/1/Documents/pubs/2018-National-Defense-Strategy-Summary.pdf?mod=article_inline,No,0
408,408 United States of America The National Defense Strategy 2008,USA,DD,USA,840,2008,29,413,9448,English,,,,,,,,,,,Department of Defense,https//www.files.ethz.ch/isn/154949/US2008NationalDefenseStrategy.pdf,No,0
407,407 United States of America The National Defense Strategy 2005,USA,DD,USA,840,2005,24,512,10386,English,,,,,,,,,,,Department of Defense,https//www.files.ethz.ch/isn/154941/US%20National%20defense%20strategy%202005.pdf,No,0
406,406 United States of America Sustaining U.S. Global Leadership Priorities for 21st Century Defense 2012,USA,DD,USA,840,2012,16,188,4996,English,,,,,,,,,,,Department of Defense,https//www.globalsecurity.org/military/library/policy/dod/defense_guidance-201201.pdf,No,0
405,405 United States of America The National Security Strategy 2017,USA,NSS,USA,840,2017,68,1141,23257,English,,,,,,,,,,,Presidency,https//trumpwhitehouse.archives.gov/wp-content/uploads/2017/12/NSS-Final-12-18-2017-0905.pdf,No,0
404,404 United States of America The National Security Strategy 2015,USA,NSS,USA,840,2015,32,652,15313,English,,,,,,,,,,,Presidency,https//obamawhitehouse.archives.gov/sites/default/files/docs/2015_national_security_strategy_2.pdf,No,0
403,403 United States of America The National Security Strategy 2010,USA,NSS,USA,840,2010,60,1103,29017,English,,,,,,,,,,,Presidency,https//www.files.ethz.ch/isn/154948/US%20national%20sec%20strategy%202010.pdf,No,0
402,402 United States of America The National Security Strategy 2006,USA,NSS,USA,840,2006,54,871,19774,English,,,,,,,,,,,Presidency,https//www.files.ethz.ch/isn/155218/USnss2006.pdf,No,0
401,401 United States of America The National Security Strategy 2002,USA,NSS,USA,840,2002,35,557,13036,English,,,,,,,,,,,Presidency,https//www.files.ethz.ch/isn/154950/USnss2002.pdf,No,0
400,400 United States of America National Security Strategy 2000,USA,NSS,USA,840,2000,84,1623,44878,English,,,,,,,,,,,Presidency,https//history.defense.gov/Portals/70/Documents/nss/nss2000.pdf?ver=2014-06-25-121312-560,No,0
399,399 United States of America National Security Strategy 1999,USA,NSS,USA,840,1999,52,1157,32773,English,,,,,,,,,,,Presidency,https//history.defense.gov/Portals/70/Documents/nss/nss1999.pdf?ver=2014-06-25-121300-170,No,0
398,398 United States of America National Security Strategy 1998,USA,NSS,USA,840,1998,61,1343,37640,English,,,,,,,,,,,Presidency,https//history.defense.gov/Portals/70/Documents/nss/nss1998.pdf?ver=2014-06-25-121250-857,No,0
397,397 United Kingdom The Integrated Review 2021,UK,NSS,GBR,826,2021,114,1596,44284,English,,,,,,,,,,,Cabinet Office,https//assets.publishing.service.gov.uk/government/uploads/system/uploads/attachment_data/file/975077/Global_Britain_in_a_Competitive_Age-_the_Integrated_Review_of_Security__Defence__Development_and_Foreign_Policy.pdf,No,0
396,396 United Kingdom Defence In a Competitive Age 2020,UK,DD,GBR,826,2020,76,903,23439,English,,,,,,,,,,,Ministry of Defence,https//www.gov.uk/government/publications/defence-in-a-competitive-age,No,0
395,395 United Kingdom National Security Capability Review 2018,UK,DD,GBR,826,2018,52,886,20860,English,,,,,,,,,,,Cabinet Office,https//assets.publishing.service.gov.uk/government/uploads/system/uploads/attachment_data/file/705347/6.4391_CO_National-Security-Review_web.pdf,No,0
394,394 United Kingdom National Security Strategy and Strategic Defence and Security Review 2015,UK,NSS,GBR,826,2015,96,1740,39855,English,,,,,,,,,,,Prime Minister'S Office,https://assets.publishing.service.gov.uk/media/5a81a100e5274a2e8ab5504e/52309_Cm_9161_NSS_SD_Review_PRINT_only.pdf,No,0
393,393 United Kingdom Annual Strategic Defense and Security Review 2012,UK,NSS,GBR,826,2012,37,664,17254,English,,,,,,,,,,,National Security Council,https//assets.publishing.service.gov.uk/government/uploads/system/uploads/attachment_data/file/267808/Annual-report-on-NSS-and-SDSR.pdf,No,0
392,392 United Kingdom The strategy for defense 2011,UK,DD,GBR,826,2011,12,77,1992,English,,,,,,,,,,,Ministry of Defence,https//assets.publishing.service.gov.uk/government/uploads/system/uploads/attachment_data/file/27398/stategy_for_defence_oct2011.pdf,No,0
391,391 United Kingdom Strategic Defense and Security Review 2011,UK,NSS,GBR,826,2011,16,202,5260,English,,,,,,,,,,,National Security Council,https//assets.publishing.service.gov.uk/government/uploads/system/uploads/attachment_data/file/229499/111208_First_Annual_Report_SDSR.pdf,No,0
390,390 United Kingdom A Strong Britain in an Age of Uncertainty 2010,UK,NSS,GBR,826,2010,39,664,14967,English,,,,,,,,,,,Prime Minister'S Office,https//www.files.ethz.ch/isn/155174/UK%202010.pdf,No,0
389,389 United Kingdom Security for the next generation 2009 (Update),UK,NSS,GBR,826,2009,116,1752,49765,English,,,,,,,,,,,Cabinet Office,https//assets.publishing.service.gov.uk/government/uploads/system/uploads/attachment_data/file/229001/7590.pdf,No,0
388,388 United Kingdom The National Security Strategy 2008,UK,NSS,GBR,826,2008,64,634,20724,English,,,,,,,,,,,Cabinet Office,https//www.files.ethz.ch/isn/155176/uk-national-security-strategy-2008.pdf,No,0
385,385 United Kingdom Defence White Paper 2003,UK,WP,GBR,826,2003,28,473,13535,English,,,,,,,,,,,Ministry of Defence,http//archives.livreblancdefenseetsecurite.gouv.fr/2008/IMG/pdf/whitepaper2003.pdf,No,0
384,384 United Kingdom The Strategic Defence Review A new chapter 2002,UK,DD,GBR,826,2002,31,348,10113,English,,,,,,,,,,,Ministry of Defence,http//archives.livreblancdefenseetsecurite.gouv.fr/2008/IMG/pdf/sdr_a_new_chapter_cm5566_vol1.pdf,No,0
383,383 United Kingdom Strategic Defense Review 1998,UK,WP,GBR,826,1998,390,3950,105316,English,,,,,,,,,,,Ministry of Defence,https//webarchive.nationalarchives.gov.uk/20121018172816/http/www.mod.uk/NR/rdonlyres/65F3D7AC-4340-4119-93A2-20825848E50E/0/sdr1998_complete.pdf,No,0
382,382 Ukraine The White Paper of the Foreign Intelligence Service 2021,Ukraine,DD,UKR,804,2021,71,442,13762,English,,,,,,,,,,,Foreign Intelligence Service of Ukraine,https//www.google.com/url?sa=t&rct=j&q=&esrc=s&source=web&cd=&cad=rja&uact=8&ved=2ahUKEwjl2L3Yy6jxAhVbDWMBHbeHCpkQFjAAegQIBBAD&url=https%3A%2F%2Fszru.gov.ua%2Fen%2Fwhite-book%2Fthe-white-paper-of-the-foreign-intelligence-service-of-ukraine&usg=AOvVaw1MANU0rJ9NTvLmJf37TQ7I,No,0
381,381 Ukraine Military Doctrine 2015_translated,Ukraine,DD,UKR,804,2015,18,136,10908,English (Translated),Ukrainian (Original),,,,,,,,,,Presidency,https//zakon.rada.gov.ua/laws/show/555/2015/print,No,0
380,380 Ukraine National Security Strategy 2020_translated,Ukraine,NSS,UKR,804,2020,9,144,6625,English (Translated),Ukrainian (Original),,,,,,,,,,Presidency,https//www.president.gov.ua/documents/3922020-35037?fbclid=IwAR0L69DbSwymdORMxaLPgyYy3CS9hjqcIveC70TvvGQ2IZ-itK1mD8uwh6E,No,0
379,379 Ukraine National Security Strategy 2015_translated,Ukraine,NSS,UKR,804,2015,11,137,10925,English (Translated),Ukrainian (Original),,,,,,,,,,Presidency,https//zakon.rada.gov.ua/laws/show/en/555/2015/print,No,0
378,378 Ukraine White Book 2019,Ukraine,WP,UKR,804,2019,196,1382,63266,English,,,,,,,,,,,Ministry of Defence,https//www.mil.gov.ua/content/files/whitebook/WB_2019_2020_eng.pdf,No,0
377,377 Ukraine White Book 2018,Ukraine,WP,UKR,804,2018,172,982,41750,English,,,,,,,,,,,Ministry of Defence,https//www.mil.gov.ua/content/files/whitebook/WB_2018_eng.pdf,No,0
376,376 Ukraine White Book 2017,Ukraine,WP,UKR,804,2017,152,1200,50420,English,,,,,,,,,,,Ministry of Defence,https//www.mil.gov.ua/content/files/whitebook/WB-2017_eng_Final_WEB.pdf,No,0
375,375 Ukraine White Book 2016,Ukraine,WP,UKR,804,2016,113,857,40652,English,,,,,,,,,,,Ministry of Defence,https//www.mil.gov.ua/content/files/whitebook/WB_2016_ENG_WEB.pdf,No,0
374,374 Ukraine White Book 2015.PDF,Ukraine,WP,UKR,804,2015,105,990,41589,English,,,,,,,,,,,Ministry Of Defence,https//www.mil.gov.ua/content/files/whitebook/WB_2015_eng_WEB.PDF,No,0
373,373 Ukraine White Book 2014,Ukraine,WP,UKR,804,2014,85,713,29731,English,,,,,,,,,,,Ministry of Defence,https//www.mil.gov.ua/content/files/whitebook/WB_2014_eng.pdf,No,0
372,372 Ukraine White Book 2013,Ukraine,WP,UKR,804,2013,76,544,24275,English,,,,,,,,,,,Ministry of Defence,https//www.mil.gov.ua/content/files/whitebook/WB_2013_eng.pdf,No,0
371,371 Ukraine White Book 2011,Ukraine,WP,UKR,804,2011,84,685,27062,English,,,,,,,,,,,Ministry of Defence,https//www.files.ethz.ch/isn/167335/WB_Eng_final_2011.pdf,No,0
370,370 Ukraine White Book 2010,Ukraine,WP,UKR,804,2010,76,688,27248,English,,,,,,,,,,,Ministry of Defence,https//www.files.ethz.ch/isn/156823/Book_WP_2010_eng.pdf,No,0
369,369 Ukraine White Book 2009,Ukraine,WP,UKR,804,2009,96,962,32555,English,,,,,,,,,,,Ministry of Defence of Ukraine,https//www.files.ethz.ch/isn/155181/Ukraine%20White%20Book%202009.pdf,No,0
368,368 Ukraine White Book 2007,Ukraine,WP,UKR,804,2007,120,1240,38912,English,,,,,,,,,,,Ministry of Defence,https//www.files.ethz.ch/isn/155178/Ukraine%20white%20book%202007.pdf,No,0
367,367 Ukraine White Book 2006,Ukraine,WP,UKR,804,2006,96,1045,32955,English,,,,,,,,,,,Ministry of Defence,https//www.files.ethz.ch/isn/155177/Ukraine%20white%20book%202006.pdf,No,0
366,366 Ukraine White Book 2005,Ukraine,WP,UKR,804,2005,136,1373,44658,English,,,,,,,,,,,Ministry of Defence,https//www.files.ethz.ch/isn/155212/Ukraine_Eng-2005.pdf,No,0
365,365 Uganda Security Sector Development Plan 2015,Uganda,DD,UGA,800,2015,55,699,16310,English,,,,,,,,,,,THE MINISTRY OF DEFENCE AND VETERAN AFFAIRS,http//npa.go.ug/wp-content/uploads/2018/01/Security-Sector-Plan-SSDP2015.2020new.pdf,Yes,1
364,364 Uganda White Paper on Defence Transformation 2004,Uganda,WP,UGA,800,2004,75,769,18756,English,,,,,,,,,,,Ministry of Defence,https//www.files.ethz.ch/isn/155172/uganda2004.pdf,Yes,1
363,363 Turkey Defense White Paper 2000,Turkey,WP,TUR,792,2000,107,1272,44279,English,,,,,,,,,,,Ministry of Defence,https//www.files.ethz.ch/isn/154907/Turkey_2000eng.pdf,No,0
362,362 Timor-Leste Force 2020 (2007),Timor-Leste,WP,TLS,626,2007,148,1708,60221,English,,,,,,,,,,,Central Government,https//www.etan.org/etanpdf/2007/Forca%202020%20-%202007.pdf,Yes,1
361,361 Thailand The National Security Policy and Plan 2019,Thailand,NSS,THA,764,2019,44,458,13231,English,,,,,,,,,,,National Security Council,http//www.nsc.go.th/wp-content/uploads/2020/05/The-National-Security-Policy-and-Plan2019-‚Äö√Ñ√¨-2022.pdf,Yes,1
360,360 Taiwan Quadrennial Defense Review 2021,Taiwan,DD,TWN,158,2021,74,475,15544,English,,,,,,,,,,,Ministry of National Defense,https//www.ustaiwandefense.com/tdnswp/wp-content/uploads/2021/03/2021-Taiwan-Quadrennial-Defense-Review-QDR.pdf,No,0
359,359 Taiwan Quadrennial Defense Review 2017,Taiwan,DD,TWN,158,2017,94,451,14171,English,,,,,,,,,,,Ministry of National Defense,https//www.ustaiwandefense.com/tdnswp/wp-content/uploads/2000/01/2017-Taiwan-Quadrennial-Defense-Review-QDR.pdf,No,0
358,358 Taiwan Quadrennial Defense Review 2013,Taiwan,DD,TWN,158,2013,101,79,4070,English,,,,,,,,,,,Ministry of National Defense,https//www.ustaiwandefense.com/tdnswp/wp-content/uploads/2020/02/2013-Taiwan-Quadrennial-Defense-Review-QDR.pdf,No,0
357,357 Taiwan Quadrennial Defense Review 2009,Taiwan,DD,TWN,158,2009,156,983,32785,English,,,,,,,,,,,Ministry of National Defense,https//www.ustaiwandefense.com/tdnswp/wp-content/uploads/2020/02/2009-Taiwan-Quadrennial-Defense-Review-QDR.pdf,No,0
356,356 Taiwan National Defense Report 2019,Taiwan,DD,TWN,158,2019,208,1508,51291,English,,,,,,,,,,,Ministry of National Defense,https//www.ustaiwandefense.com/tdnswp/wp-content/uploads/2020/02/Taiwan-National-Defense-Report-2019.pdf,No,0
355,355 Taiwan National Defense Report 2017,Taiwan,DD,TWN,158,2017,216,1583,48648,English,,,,,,,,,,,Ministry of Defence,https//www.ustaiwandefense.com/tdnswp/wp-content/uploads/2020/02/Taiwan-National-Defense-Report-2017.pdf,No,0
354,354 Taiwan National Defense Report 2015,Taiwan,DD,TWN,158,2015,258,1474,49369,English,,,,,,,,,,,Ministry of National Defense,https//www.ustaiwandefense.com/tdnswp/wp-content/uploads/2020/02/Taiwan-National-Defense-Report-2015.pdf,No,0
353,353 Taiwan National Defense Report 2013,Taiwan,DD,TWN,158,2013,278,1538,52892,English,,,,,,,,,,,Ministry of National Defense,https//www.ustaiwandefense.com/tdnswp/wp-content/uploads/2020/02/Taiwan-National-Defense-Report-2013.pdf,No,0
352,352 Taiwan National Defense Report 2011,Taiwan,DD,TWN,158,2011,288,1719,66015,English,,,,,,,,,,,Ministry of National Defense,https//www.ustaiwandefense.com/tdnswp/wp-content/uploads/2020/02/Taiwan-National-Defense-Report-2011.pdf,No,0
351,351 Taiwan National Defense Report 2009,Taiwan,DD,TWN,158,2009,205,1834,53827,English,,,,,,,,,,,Ministry of National Defense,https//www.ustaiwandefense.com/tdnswp/wp-content/uploads/2020/02/Taiwan-National-Defense-Report-2009.pdf,No,0
350,350 Taiwan National Defense Report 2008,Taiwan,DD,TWN,158,2008,385,2530,98104,English,,,,,,,,,,,Ministry of Defence,https//www.ustaiwandefense.com/tdnswp/wp-content/uploads/2020/02/Taiwan-National-Defense-Report-2008.pdf,No,0
349,349 Taiwan National Defense Report 2006,Taiwan,DD,TWN,158,2006,250,2451,71449,English,,,,,,,,,,,Ministry of National Defense,https//www.ustaiwandefense.com/tdnswp/wp-content/uploads/2020/02/Taiwan-National-Defense-Report-2006.pdf,No,0
348,348 Taiwan National Defense Report 2004,Taiwan,DD,TWN,158,2004,360,3664,105189,English,,,,,,,,,,,Ministry of National Defense,https//michalthim.files.wordpress.com/2015/08/2004-national-defense-report.pdf,No,0
347,347 Taiwan National Defense Report 2002,Taiwan,DD,TWN,158,2002,344,2465,73891,English,,,,,,,,,,,Ministry of National Defense,https//www.ustaiwandefense.com/tdnswp/wp-content/uploads/2020/02/Taiwan-National-Defense-Report-2002.pdf,No,0
346,346 Switzerland Security Situation Report of the Federal Intelligence Service 2020,Switzerland,TA,CHE,756,2020,82,862,19183,English,,,,,,,,,,,Federal Intelligence Service,https//www.newsd.admin.ch/newsd/message/attachments/63415.pdf,No,0
345,345 Sweden National Security Strategy 2017,Sweden,NSS,SWE,752,2017,15,573,11390,English,,,,,,,,,,,Prime Minister'S Office,https//www.government.se/information-material/2017/10/national-security-strategy/?TSPD_101_R0=088d4528d9ab20001e39c0890c071e3bd65dcb52851f1b880a58a212ca6be1a2906baf2439da985b08813fdaf0143000619350fef019306d86b2bfb5a3876661639758ff41969fc1e7426e669d89bafa17efb252246241a6923690c046664b33,No,0
344,344 Sweden Summary of Government Bill total defense 2020,Sweden,DD,SWE,752,2020,11,154,3445,English,Swedish,,,,,,,,,,Ministry of Defence,https//www.government.se/4af8fa/globalassets/government/dokument/forsvarsdepartementet/ip-2021-2025/summary-of-government-bill-total-defence-2021-2025-final.pdf,No,0
343,343 Sweden Defence Policy 2015,Sweden,DD,SWE,752,2015,14,250,5727,English,,,,,,,,,,,Ministry of Defence,https//www.government.se/globalassets/government/dokument/forsvarsdepartementet/sweden_defence_policy_2016_to_2020,No,0
342,342 Sweden Our Future Defence 2004,Sweden,DD,SWE,752,2004,40,394,8540,English,,,,,,,,,,,Ministry of Defence,https//www.files.ethz.ch/isn/155135/Sweden_eng.pdf,No,0
341,341 St Kitts and Nevis National Security Strategy 2021,St Kitts and Nevis,NSS,KNA,659,2021,37,281,6604,English,,,,,,,,,,,Presidency,https//www.sknis.gov.kn/wp-content/uploads/2021/02/NATIONAL-SECURITY-STRATEGY_JANUARY-2021.pdf,Yes,1
340,340 Spain National Defence Directive 2020,Spain,DD,ESP,724,2020,9,104,3279,English,,,,,,,,,,,Ministry Of Defence,https//www.defensa.gob.es/Galerias/defensadocs/ddn-ingles-2020.pdf,No,0
339,339 Spain The National Security Strategy 2017,Spain,NSS,ESP,724,2017,128,635,18791,English,,,,,,,,,,,Presidency of the Government,https//www.dsn.gob.es/sites/dsn/files/2017_Spanish_National_Security_Strategy_0.pdf,No,0
338,338 Spain The National Security Strategy 2013,Spain,NSS,ESP,724,2013,68,609,16609,English,,,,,,,,,,,Presidency of the Government,https//www.lamoncloa.gob.es/documents/estrategiaseguridad_baja_julio.pdf,No,0
337,337 Spain National Defence Directive 2012,Spain,DD,ESP,724,2012,7,79,2229,English,,,,,,,,,,,Presidency,https//eda.europa.eu/docs/default-source/documents/dgl-national-defence-directive-2012.pdf,No,0
336,336 Spain Spanish Security Strategy 2011,Spain,NSS,ESP,724,2011,85,847,20827,English,,,,,,,,,,,Central Government,https//www.files.ethz.ch/isn/130671/EES_eng.pdf,No,0
335,335 Spain National Defence Directive 2008,Spain,DD,ESP,724,2008,13,97,3087,English,,,,,,,,,,,Ministry Of Defence,https//www.files.ethz.ch/isn/155783/Spain_English2008.pdf,No,0
334,334 Spain National Defence Directive 2004,Spain,DD,ESP,724,2004,13,78,2823,English,,,,,,,,,,,Ministry of Defence,https//www.files.ethz.ch/isn/155782/Spain_English2004.pdf,No,0
333,333 Spain Strategic Defence Review 2003,Spain,DD,ESP,724,2003,93,631,17877,English,,,,,,,,,,,Ministry of Defence,https//www.files.ethz.ch/isn/155780/Spain_English2003vol1.pdf,No,0
332,332 Spain Defense White Paper 2000,Spain,WP,ESP,724,2000,260,2804,87554,English,,,,,,,,,,,Ministry of Defence,https//www.files.ethz.ch/isn/155731/Spain_English2000.pdf,No,0
331,331 South Africa Defense Review 2015,South Africa,DD,ZAF,710,2015,344,6632,154982,English,,,,,,,,,,,Ministry of Defence,http//www.dod.mil.za/document/LegislationNav/Legislation/South%20African%20Defence%20Review%202015.pdf,Yes,1
326,326 South Africa Defence Review White Paper 1998,South Africa,WP,ZAF,710,1998,161,2741,62868,English,,,,,,,,,,,Ministry Of Defence,https//www.files.ethz.ch/isn/155723/SouthAfrica1998.pdf,Yes,1
325,325 Solomon Islands National Security Strategy 2020,Solomon Islands,NSS,SLB,90,2020,45,620,13338,English,,,,,,,,,,,"MINISTRY OF POLICE, NATIONAL SECURITY AND CORRECTIONAL SERVICE",https//pacificsecurity.net/wp-content/uploads/2021/03/210201-SOLOMONS-National-Security-Strategy-Final_.pdf,Yes,1
324,324 Slovenia Defence White Paper 2020,Slovenia,WP,SVN,705,2020,42,407,12579,English,,,,,,,,,,,Ministry of Defence,https//www.gov.si/assets/ministrstva/MO/Dokumenti/WP2020.pdf,No,0
323,323 Slovenia National Security Strategy 2019,Slovenia,NSS,SVN,705,2019,73,213,7260,English,Slovenian,,,,,,,,,,Ministry Of Defence,https//www.gov.si/assets/ministrstva/MO/Dokumenti/ReSNV2.pdf,No,0
322,322 Slovenia Strategic Defence Review 2016,Slovenia,DD,SVN,705,2016,9,251,9718,English,,,,,,,,,,,Ministry of Defence,http//mepoforum.sk/wp-content/uploads/2017/06/Defence-Review-Slovenia-2016.pdf,No,0
321,321 Slovenia National Security Strategy of the Republic of Slovenia 2010,Slovenia,NSS,SVN,705,2010,60,258,9152,English,Slovenian,,,,,,,,,,Ministry Of Defence,https//ecfr.eu/archive/page/-/Slov‚àö¬©nie_-_2010_-_Resolution_on_the_National_Security_Strategy_of_the_Republic_of_Slovenia.pdf,No,0
320,320 Slovenia Strategic Defence Review 2004,Slovenia,DD,SVN,705,2004,70,730,22891,English,,,,,,,,,,,Ministry of Defence,https//www.files.ethz.ch/isn/156811/Slovenia-2004.pdf,No,0
319,319 Slovakia Security Strategy of the Slovak Republic 2021_translated,Slovakia,NSS,SVK,703,2021,23,389,11729,English (Translated),Slovak (Original),,,,,,,,,,Ministry Of Defence,https//www.vlada.gov.sk/data/files/8048_bezpecnostna-strategia-sr-2021.pdf,No,0
318,318 Slovakia Defence Strategy of the Slovak Republic 2021,Slovakia,DD,SVK,703,2021,32,160,7054,English,,,,,,,,,,,Ministry of Defence,https//www.mosr.sk/defence-documents/,No,0
317,317 Slovakia White Paper on defense of the Slovak Republic 2016,Slovakia,WP,SVK,703,2016,118,835,31846,English,,,,,,,,,,,Ministry of Defence,https//www.mosr.sk/white-paper-on-defence-of-the-slovak-republic-2016/,No,0
316,316 Slovakia White Paper 2013,Slovakia,WP,SVK,703,2013,142,829,32083,English,,,,,,,,,,,Ministry of Defence,https//www.mosr.sk/data/WP2013.pdf,No,0
315,315 Slovakia Security Strategy 2005,Slovakia,NSS,SVK,703,2005,17,247,7466,English,,,,,,,,,,,Ministry Of Defence,https//www.mosr.sk/data/files/795.pdf,No,0
314,314 Slovakia Defense Strategy 2005,Slovakia,DD,SVK,703,2005,13,132,4691,English,,,,,,,,,,,Ministry of Defence,https//www.mosr.sk/data/files/794.pdf,No,0
313,313 Slovakia Doctrine of the Armed Forces 2003,Slovakia,DD,SVK,703,2003,52,780,19909,English,,,,,,,,,,,General Staff Of The Armed Forces,https//www.files.ethz.ch/isn/156814/SlovakiaDoctrine_English2003.pdf,No,0
312,312 Slovakia Security Strategy 2001,Slovakia,NSS,SVK,703,2001,12,200,8025,English,,,,,,,,,,,Ministry Of Defence,https//www.files.ethz.ch/isn/156816/SlovakiaSecurity_English2001.pdf,No,0
311,311 Slovakia Military Strategy 2001,Slovakia,DD,SVK,703,2001,9,219,5509,English,,,,,,,,,,,Ministry of Defence,https//www.files.ethz.ch/isn/156815/SlovakiaMilitary_English2001.pdf,No,0
310,310 Slovakia Defense Strategy 2001,Slovakia,DD,SVK,703,2001,17,216,11707,English,,,,,,,,,,,Ministry of Defence,https//www.files.ethz.ch/isn/156812/SlovakiaDefence_English2001.pdf,No,0
309,309 Singapore National Security Strategy 2004,Singapore,NSS,SGP,702,2004,68,727,14023,English,,,,,,,,,,,Ministry Of Defence,https//www.files.ethz.ch/isn/156810/Singapore-2004.pdf,Yes,1
308,308 Singapore National Security Strategy 2000,Singapore,NSS,SGP,702,2000,40,775,15656,English,,,,,,,,,,,Ministry of Defence,https//www.files.ethz.ch/isn/156809/Singapore-2000.pdf,Yes,1
307,307 Sierra Leone Defence White Paper 2003,Sierra Leone,WP,SLE,694,2003,23,521,11538,English,,,,,,,,,,,Ministry of Defence,https//www.files.ethz.ch/isn/156808/SierraLeone.pdf,Yes,1
306,306 Serbia Defense Strategy 2021,Serbia,DD,SRB,688,2021,47,353,12046,English,,,,,,,,,,,Ministry of Defence,http//www.mod.gov.rs/eng/4350/strategije-4350,No,0
305,305 Serbia White Paper on Defence 2010,Serbia,WP,SRB,688,2010,174,1283,39174,English,,,,,,,,,,,Ministry of Defence,http//www.mod.gov.rs/eng/4350/strategije-4350,No,0
304,304 Serbia National Security Strategy 2021,Serbia,NSS,SRB,688,2021,61,526,17503,English,,,,,,,,,,,Parliament,http//www.mod.gov.rs/eng/4350/strategije-4350,No,0
303,303 Serbia National Security Strategy 2009,Serbia,NSS,SRB,688,2009,38,323,11252,English,,,,,,,,,,,Ministry Of Defence,http//www.voa.mod.gov.rs/documents/national-security-strategy-of-the-republic-of-serbia.pdf,No,0
302,302 Serbia Defence Strategy 2005,Serbia,DD,SRB,688,2005,11,144,4719,English,,,,,,,,,,,Ministry of Defence,https//www.files.ethz.ch/isn/156806/Serbia_and_Montenegro_Eng_2005.pdf,No,0
301,301 Samoa National Security Policy 2018,Samoa,NSS,WSM,882,2018,50,524,14178,English,,,,,,,,,,,Prime Minister'S Office,https//pacificsecurity.net/wp-content/uploads/2021/03/2018-Samoa-National-Security-Policy-2018.pdf,Yes,1
300,300 Russia National Security Strategy 2021_translated,Russia,NSS,RUS,643,2021,44,210,11994,English (Translated),Russian (Original),,,,,,,,,,Presidency,http//publication.pravo.gov.ru/Document/View/0001202107030001,No,0
299,299 Russia National Security Strategy 2015,Russia,NSS,RUS,643,2015,42,231,12418,English,,,,,,,,,,,Presidency,https//russiamatters.org/node/21421,No,0
298,298 Russia National Security Strategy to 2020 (2009),Russia,NSS,RUS,643,2009,15,176,10042,English,,,,,,,,,,,Presidency,https//www.files.ethz.ch/isn/154915/Russia's%20National%20Security%20Strategy%20to%202020%20-%20Rustrans.pdf,No,0
297,297 Russia The Military Doctrine of the Russian Federation 2014,Russia,DD,RUS,643,2014,13,94,8624,English,,,,,,,,,,,Presidency,https//rusemb.org.uk/press/2029,No,0
296,296 Russia The Military Doctrine 2010,Russia,DD,RUS,643,2010,43,177,15566,English,,,,,,,,,,,Presidency,https//www.files.ethz.ch/isn/154906/Russia2010_English.pdf,No,0
295,295 Romania National Defense Strategy 2020,Romania,DD,ROU,642,2020,44,500,21150,English,,,,,,,,,,,Presidency,https//www.presidency.ro/files/userfiles/National_Defence_Strategy_2020_2024.pdf,Former,0
294,294 Romania National Defense Strategy 2015,Romania,DD,ROU,642,2015,23,170,6619,English,,,,,,,,,,,Presidency,https//eda.europa.eu/docs/default-source/Defence-Procurement-Gateway/national-defense-strategy-2015---2019.pdf,Former,0
293,293 Romania Defence 2013,Romania,DD,ROU,642,2013,44,467,16085,English,,,,,,,,,,,Ministry Of Defence,https//dirp.mapn.ro/produse/romanian_defence/2013/defence.pdf,Former,0
292,292 Romania National Security Strategy 2007,Romania,NSS,ROU,642,2007,56,391,15967,English,,,,,,,,,,,Presidency,https//www.files.ethz.ch/isn/156800/Romania2007_English.pdf,Former,0
291,291 Romania National Security Strategy 2005,Romania,NSS,ROU,642,2005,27,167,8803,English,,,,,,,,,,,Ministry of Defence,https//www.files.ethz.ch/isn/156799/Romania%20nationalsecurity.pdf,Former,0
290,290 Romania Military Strategy 2005,Romania,DD,ROU,642,2005,34,369,10710,English,,,,,,,,,,,Ministry Of Defence,https//www.files.ethz.ch/isn/156801/RomaniaMilitaryStrategy.pdf,Former,0
289,289 Romania National Security Strategy 1999,Romania,NSS,ROU,642,1999,17,177,8428,English,,,,,,,,,,,Ministry Of Defence,https//www.files.ethz.ch/isn/15286/ROMANIA.pdf,Former,0
288,288 Republic of Moldova National Security Strategy 2011,Moldova,NSS,MDA,498,2011,15,248,10416,English,,,,,,,,,,,Parliament,https//www.google.com/url?sa=t&rct=j&q=&esrc=s&source=web&cd=&ved=2ahUKEwjL85G_uvvwAhX4RUEAHW-kBo8QFjABegQIAxAD&url=https%3A%2F%2Fwww.mfa.gov.md%2Fimg%2Fdocs%2Fnational-security-concept-of-the-RM.doc&usg=AOvVaw0RY17vpsuRiEhY-7ZflsKo,No,0
287,287 Republic of Moldova National Security Concept 2005,Moldova,NSS,MDA,498,2005,30,387,12699,English,,,,,,,,,,,Presidential Committee,https//www.google.com/url?sa=t&rct=j&q=&esrc=s&source=web&cd=&ved=2ahUKEwjL85G_uvvwAhX4RUEAHW-kBo8QFjABegQIAxAD&url=https%3A%2F%2Fwww.mfa.gov.md%2Fimg%2Fdocs%2Fnational-security-concept-of-the-RM.doc&usg=AOvVaw0RY17vpsuRiEhY-7ZflsKo,No,0
286,286 Republic of Korea Defense White Paper 2018,Republic of Korea,WP,KOR,410,2018,420,3733,136558,English,,,,,,,,,,,Ministry Of Defence,https//www.mnd.go.kr/cop/pblictn/selectPublicationsUser.do?siteId=mndEN&componentId=51&id=mndEN_031300000000,Former,0
285,285 Republic of Korea Defense White Paper 2016,Republic of Korea,WP,KOR,410,2016,340,3205,121516,English,,,,,,,,,,,Ministry Of Defence,https//www.mnd.go.kr/cop/pblictn/selectPublicationsUser.do?siteId=mndEN&componentId=51&id=mndEN_031300000000,Former,0
284,284 Republic of Korea Defense White Paper 2014,Republic of Korea,WP,KOR,410,2014,332,3147,113297,English,,,,,,,,,,,Ministry Of Defence,https//www.mnd.go.kr/user/mnd/upload/pblictn/PBLICTNEBOOK_201501080300015840.pdf,Former,0
283,283 Republic of Korea Defense White Paper 2012,Republic of Korea,WP,KOR,410,2012,329,3141,99806,English,,,,,,,,,,,Ministry Of Defence,https//media.nti.org/pdfs/ROK_2012_White_Paper.pdf,Former,0
282,282 Republic of Korea Defense White Paper 2010,Republic of Korea,WP,KOR,410,2010,440,3560,110892,English,,,,,,,,,,,Ministry Of Defence,https//www.files.ethz.ch/isn/155720/South%20Korea%202010_eng-1.pdf,Former,0
281,281 Republic of Korea Defense White Paper 2008,Republic of Korea,WP,KOR,410,2008,378,3428,93239,English,,,,,,,,,,,Ministry Of Defence,https//www.files.ethz.ch/isn/155624/South%20Korea%202008_eng.pdf,Former,0
280,280 Republic of Korea Defense White Paper 2006,Republic of Korea,WP,KOR,410,2006,292,2484,78607,English,,,,,,,,,,,Ministry of Defence,https//www.files.ethz.ch/isn/155726/SouthKorea_English2006.pdf,Former,0
279,279 Republic of Korea Participatory Defence Policy 2003,Republic of Korea,DD,KOR,410,2003,212,1563,49429,English,,,,,,,,,,,Ministry Of Defence,https//www.files.ethz.ch/isn/155728/SouthKorea2003main_eng.pdf,Former,0
278,278 Portugal Strategic Concept of National Defence 2013,Portugal,DD,PRT,620,2013,68,231,6177,English,Portuguese,,,,,,,,,,Ministry of Defence,https//www.defesa.gov.pt/pt/comunicacao/documentos/Lists/PDEFINTER_DocumentoLookupList/20_Strategic-Concept-of-National-Defence.pdf,No,0
277,277 Poland National Security Strategy 2020,Poland,NSS,POL,616,2020,38,242,7078,English,,,,,,,,,,,The National Security Bureau,https//www.bbn.gov.pl/ftp/dokumenty/National_Security_Strategy_of_the_Republic_of_Poland_2020.pdf,No,0
276,276 Poland The Defense Concept 2017,Poland,DD,POL,616,2017,72,146,3361,English,Polish,,,,,,,,,,Ministry of Defence,https//www.gov.pl/web/national-defence/defenceconcept-publication,No,0
275,275 Poland National Security Strategy 2014,Poland,NSS,POL,616,2014,62,519,15657,English,,,,,,,,,,,National Security Bureau,https//www.google.com/url?sa=t&rct=j&q=&esrc=s&source=web&cd=&cad=rja&uact=8&ved=2ahUKEwjcoP3OovvwAhUOlhQKHW9lBusQFjAAegQIBBAD&url=https%3A%2F%2Fwww.bbn.gov.pl%2Fftp%2Fdok%2FNSS_RP.pdf&usg=AOvVaw0ceEegfaeU7PDiGK07QSUK,No,0
274,274 Poland White Book on National Security 2013,Poland,WP,POL,616,2013,265,3737,116446,English,,,,,,,,,,,National Security Bureau,https//www.google.com/url?sa=t&rct=j&q=&esrc=s&source=web&cd=&ved=2ahUKEwjItdH8oPvwAhVNDGMBHRklCagQFjAAegQIBBAD&url=https%3A%2F%2Fwww.bbn.gov.pl%2Fdownload%2F1%2F20897%2FWhiteBookNationalSecurityPL2013.pdf&usg=AOvVaw28OI0c45JG7nFZkbMETSP6,No,0
273,273 Poland Strategy of Development of the National Security System of the Republic of Poland 2013,Poland,NSS,POL,616,2013,106,1498,48338,English,,,,,,,,,,,Ministry Of Defence,https//archiwum2019-en.mon.gov.pl/p/pliki/dokumenty/rozne/2014/01/ENGLISH_SRSBN_RP_do_pobrania.pdf,No,0
272,272 Poland Defense Strategy 2009,Poland,DD,POL,616,2009,32,426,13838,English,,,,,,,,,,,Ministry Of Defence,https//www.files.ethz.ch/isn/156791/Poland%202009.pdf,No,0
271,271 Poland VISION OF THE POLISH ARMED FORCES 2030 (2008),Poland,DD,POL,616,2008,34,433,12057,English,,,,,,,,,,,Ministry Of Defence,https//www.epicos.com/sites/default/files/vision_of_the_polish_armed_forces_2030.pdf,No,0
270,270 Poland National Security Strategy 2007,Poland,NSS,POL,616,2007,36,564,16523,English,,,,,,,,,,,Ministry Of Defence,https//www.files.ethz.ch/isn/156796/Poland-2007-eng.pdf,No,0
269,269 Poland National Security Strategy 2003,Poland,NSS,POL,616,2003,14,255,7535,English,,,,,,,,,,,Ministry Of Defence,https//www.files.ethz.ch/isn/156794/Poland-2003.pdf,No,0
268,268 Philippines National Security Strategy 2018,Philippines,NSS,PHL,608,2018,116,938,22853,English,,,,,,,,,,,National Security Council,https//apcss.org/wp-content/uploads/2020/02/Philippines-National_Security_Strategy_2018.pdf,Yes,1
267,267 Philippines National Security Policy 2017,Philippines,NSS,PHL,608,2017,38,433,11496,English,,,,,,,,,,,National Security Council,https//nsc.gov.ph/attachments/article/NSP/NSP-2017-2022.pdf,Yes,1
266,266 Philippines National Security Policy 2011-2016,Philippines,NSS,PHL,608,2011,45,331,9104,English,,,,,,,,,,,National Security Council,https//www.officialgazette.gov.ph/downloads/2011/08aug/NATIONAL-SECURITY-POLICY-2011-2016.pdf,Yes,1
265,265 Philippines White Paper 2012,Philippines,WP,PHL,608,2012,44,588,18436,English,,,,,,,,,,,Ministry Of Defence,https//www.files.ethz.ch/isn/167331/Philippines_ENG_2012.pdf,Yes,1
264,264 Peru Libro Blanco de la Defensa Nacional 2006_translated,Peru,WP,PER,604,2006,125,1252,38930,English (Translated),Spanish (Original),,,,,,,,,,Ministry of Defense,https//cdn.www.gob.pe/uploads/document/file/397073/Libro_blanco.pdf,Yes,1
263,263 Paraguay Politica Nacional de defensa 2019_translated,Paraguay,DD,PRY,600,2019,30,300,7073,English (Translated),Spanish (Original),,,,,,,,,,Central Government,https://mdn.gov.py/wp-content/uploads/2023/09/Politica_de_Defensa_Nacional_2019-2030.pdf,Yes,1
262,262 Papua New Guinea National Security Policy 2013,Papua New Guinea,NSS,PNG,598,2013,75,726,17513,English,,,,,,,,,,,Central Government,https//www.aspistrategist.org.au/wp-content/uploads/2014/08/2013-PNG-National-Security-Policy.pdf,Yes,1
261,261 Pakistan National Security Policy 2022,Pakistan,NSS,PAK,586,2022,62,591,12887,English,,,,,,,,,,,National Security Division,https//onsa.gov.pk/wp-content/uploads/2022/01/NSP.pdf,Yes,1
260,260 Pakistan National Internal Security Policy 2018,Pakistan,NSS,PAK,586,2018,76,1073,24787,English,,,,,,,,,,,Ministry of Interior,https//www.interior.gov.pk/index.php/downloads/category/32-policies,Yes,1
259,259 Pakistan National Internal Security Policy 2014,Pakistan,NSS,PAK,586,2014,94,1097,24729,English,,,,,,,,,,,Ministry of Interior,https//nacta.gov.pk/wp-content/uploads/2017/08/National-Internal-Security-Policy-2014.pdf,Yes,1
258,258 Norway Defence White Paper 2020,Norway,WP,NOR,578,2020,27,252,5568,English,,,,,,,,,,,Norwegian Ministry of Defence,https//www.regjeringen.no/contentassets/5f29db6ef1b34054a025ffddb7073b31/en-gb/pdfs/stm202020210017000engpdfs.pdf,No,0
255,255 Norway Setting the course for Norwegian Foreign and Security policy 2017,Norway,WP,NOR,578,2017,48,1162,22589,English,,,,,,,,,,,Ministry of Foreign Affairs,https//www.regjeringen.no/en/dokumenter/meld.-st.-36-20162017/id2549828/,No,0
253,253 Norway Norwegian Defence 2013,Norway,DD,NOR,578,2013,34,301,8442,English,,,,,,,,,,,Ministry of Defence,https//www.files.ethz.ch/isn/167437/Norwegian%20Defence-2013.pdf,No,0
251,251 Norway Defence White Paper 2012,Norway,WP,NOR,578,2012,71,1650,40329,English,,,,,,,,,,,Ministry of Defence,https//www.regjeringen.no/contentassets/16eb33bcb4b847509f9f7b28f7cfbefa/en-gb/pdfs/stm201220130014000engpdfs.pdf,No,0
250,250 Norway Strategic Concept for the Norwegian Armed Forces 2009,Norway,DD,NOR,578,2009,86,1094,23395,English,,,,,,,,,,,Norwegian Ministry of Defence,https//www.regjeringen.no/globalassets/upload/fd/dokumenter/capable-force_strategic-concept.pdf,No,0
249,249 Norway Defence 2008,Norway,DD,NOR,578,2008,34,313,9221,English,,,,,,,,,,,Norwegian Ministry of Defence,https//www.files.ethz.ch/isn/157140/Norway%202008.pdf,No,0
248,248 Norway Security and Defence Policy 2006,Norway,DD,NOR,578,2006,6,147,3397,English,,,,,,,,,,,Ministry of Defence,https//www.regjeringen.no/globalassets/upload/kilde/fd/bro/2002/0003/ddd/pdfv/146958-pages13-23.pdf,No,0
247,247 Norway Defence Strategy 2006,Norway,DD,NOR,578,2006,25,232,6497,English,,,,,,,,,,,The Norwegian Ministry of Defence,https//www.files.ethz.ch/isn/157139/Norway%202006.pdf,No,0
246,246 Norway Strategic Defence Concept 2004,Norway,DD,NOR,578,2004,79,1092,26664,English,,,,,,,,,,,Ministry of Defence,https//www.files.ethz.ch/isn/157138/Norway%202004.pdf,No,0
245,245 North Macedonia Defense Strategy of the Republic of North Macedonia 2020,North Macedonia,DD,MKD,807,2020,19,174,5116,English,,,,,,,,,,,Ministry of Defence,https//www.mod.gov.mk/storage/2021/06/Defence-Strategy-of-the-Republic-of-North-Macedonia.pdf,No,0
244,244 North Macedonia White paper 2012,North Macedonia,WP,MKD,807,2012,88,517,17570,English,,,,,,,,,,,Ministry of Defence,https//www.files.ethz.ch/isn/167326/Macedonia_ENG_2012.pdf,No,0
243,243 North Macedonia White Paper on Defence 2005,North Macedonia,WP,MKD,807,2005,41,30,10894,English,,,,,,,,,,,Ministry of Defence,https//www.files.ethz.ch/isn/157118/Macedonia-2005.pdf,No,0
242,242 Nigeria National Security Strategy 2019,Nigeria,NSS,NGA,566,2019,80,916,23051,English,,,,,,,,,,,Counter Terrorism Center,https//ctc.gov.ng/wp-content/uploads/2020/03/ONSA-UPDATED.pdf,Yes,1
240,240 Nicaragua Libro de la Defensa Nacional 2005_translated,Nicaragua,WP,NIC,588,2005,255,2465,69678,English (Translated),Spanish (Original),,,,,,,,,,Ministry of Defense,"https://www.files.ethz.ch/isn/157136/Nicaragua%202005%20parte%201_spa.pdf
https://www.files.ethz.ch/isn/157137/Nicaragua%202005%20parte%202_spa.pdf",Yes,1
239,239 New Zealand Defence Capability plan 2019,New Zealand,DD,NZL,554,2019,44,639,17161,English,,,,,,,,,,,Ministry of Defence,https//www.defence.govt.nz/assets/Uploads/03acb8c6aa/Defence-Capability-Plan-2019.pdf,No,0
238,238 New Zealand Strategic Defence Statement 2018,New Zealand,DD,NZL,554,2018,40,716,18113,English,,,,,,,,,,,Ministry of Defence,https//www.defence.govt.nz/assets/Uploads/8958486b29/Strategic-Defence-Policy-Statement-2018.pdf,No,0
237,237 New Zealand Defence White Paper 2016,New Zealand,WP,NZL,554,2016,88,833,22359,English,,,,,,,,,,,Ministry of Defence,https//www.defence.govt.nz/assets/Uploads/daac08133a/defence-white-paper-2016.pdf,No,0
236,236 New Zealand Defence Assessment 2014,New Zealand,DD,NZL,554,2014,67,803,19648,English,,,,,,,,,,,Ministry of Defence,https//www.defence.govt.nz/assets/Uploads/802ce528c8/defence-assessment-2014-public.pdf,No,0
235,235 New Zealand Defence White Paper 2010,New Zealand,WP,NZL,554,2010,100,1144,27383,English,,,,,,,,,,,Ministry of Defence,https//www.defence.govt.nz/publications/publication/defence-white-paper-2010-november,No,0
234,234 New Zealand Defence Long-Term Development Plan Update 2008,New Zealand,DD,NZL,554,2008,78,663,14925,English,,,,,,,,,,,Ministry of Defence,https//www.files.ethz.ch/isn/157134/New%20Zealand%202008.pdf,No,0
233,233 New Zealand Defence Long-Term Development Plan Update 2006,New Zealand,DD,NZL,554,2006,58,561,12039,English,,,,,,,,,,,Ministry of Defence,https//www.mcguinnessinstitute.org/wp-content/uploads/2021/04/125.-Defence-Long-term-Development-Plan-2006-Update.pdf,No,0
232,232 New Zealand Defence Long-Term Development Plan Update 2004,New Zealand,DD,NZL,554,2004,44,518,10657,English,,,,,,,,,,,Ministry of Defence,https//www.files.ethz.ch/isn/157132/New%20Zealand%202004.pdf,No,0
231,231 New Zealand Defence Long-Term Development Plan Update 2003,New Zealand,DD,NZL,554,2003,52,551,11219,English,,,,,,,,,,,Ministry of Defence,https//www.files.ethz.ch/isn/157131/New%20Zealand%202003.pdf,No,0
230,230 New Zealand Defence Long-Term Development Plan 2002,New Zealand,DD,NZL,554,2002,56,549,11974,English,,,,,,,,,,,Ministry of Defence,https//www.files.ethz.ch/isn/157130/New%20Zealand%202002.pdf,No,0
229,229 New Zealand Government Defense Statement 2001,New Zealand,DD,NZL,554,2001,15,246,5602,English,,,,,,,,,,,Ministry of Defence,https//www.files.ethz.ch/isn/157129/New%20zealand%202001.pdf,No,0
228,228 New Zealand The Government s Defence Policy Framework 2000,New Zealand,DD,NZL,554,2000,12,141,3164,English,,,,,,,,,,,Ministry of Defence,https//www.files.ethz.ch/isn/157128/New%20Zealand%202000.pdf,No,0
227,227 Netherlands Defence Vision 2035 (2020),Netherlands,DD,NLD,528,2020,64,1405,27573,English,,,,,,,,,,,Ministry of Defence,https//english.defensie.nl/downloads/publications/2020/10/15/defence-vision-2035,No,0
226,226 Netherlands Defence Doctrine 2019,Netherlands,DD,NLD,528,2019,98,1243,29547,English,,,,,,,,,,,Ministry of Defence,https//english.defensie.nl/downloads/publications/2019/06/27/netherlands-defence-doctrine,No,0
225,225 Netherlands National Security Strategy 2019,Netherlands,NSS,NLD,528,2019,45,693,17833,English,,,,,,,,,,,Ministry Of Justice And Security,https//www.google.com/url?sa=t&rct=j&q=&esrc=s&source=web&cd=&ved=2ahUKEwjRo8mt8vbwAhUQlBQKHexTCt0QFjABegQIBBAD&url=https%3A%2F%2Fenglish.nctv.nl%2Fbinaries%2Fnctv-en%2Fdocuments%2Fpublications%2F2019%2F09%2F19%2Fnational-security-strategy%2FNational%2BSecurity%2BStrategy_2019.pdf&usg=AOvVaw29z66NDTsBJ8arxg1bNtJt,No,0
224,224 Netherlands Working Worldwide for the Security of the Netherlands 2018,Netherlands,DD,NLD,528,2018,22,600,14089,English,,,,,,,,,,,Ministry of Foreign Affairs,https//www.government.nl/documents/reports/2018/05/14/integrated-international-security-strategy-2018-2022,No,0
223,223 Netherlands Defence White Paper 2018,Netherlands,WP,NLD,528,2018,30,646,12154,English,,,,,,,,,,,Ministry of Defence,https//www.google.com/url?sa=t&rct=j&q=&esrc=s&source=web&cd=&ved=2ahUKEwjCp4ir8PbwAhU3BGMBHZe_Ab4QFjAAegQIBRAD&url=https%3A%2F%2Fenglish.defensie.nl%2Fbinaries%2Fdefence%2Fdocuments%2Fpolicy-notes%2F2018%2F03%2F26%2Fdefence-white-paper%2FDefence%2BWhite%2BPaper%2B2018.pdf&usg=AOvVaw1pPtgzFVKj3DpyLtC2QiT3,No,0
222,222 Netherlands International Security Strategy - A Secure Netherlands in a Secure World 2013,Netherlands,DD,NLD,528,2013,20,556,11514,English,,,,,,,,,,,Ministry Of Foreign Affairs,https//www.government.nl/documents/policy-notes/2013/06/21/international-security-strategy,No,0
221,221 Netherlands Future Policy Survey 2010,Netherlands,DD,NLD,528,2010,40,425,9302,English,,,,,,,,,,,Ministry of Defence,https//www.government.nl/documents/reports/2011/09/23/future-policy-survey-summary-and-conclusions,No,0
220,220 Netherlands National Security Strategy and Work programme 2007-2008,Netherlands,NSS,NLD,528,2007,52,518,11934,English,,,,,,,,,,,Ministry Of Interior,https//ecfr.eu/archive/page/-/Pays_Bas_-_2007_-_National_Security_and_Work_Programme_2007-2008.pdf,No,0
219,219 Netherlands Defence Doctrine 2005,Netherlands,DD,NLD,528,2005,125,1529,34152,English,,,,,,,,,,,Ministry of Defence,https//www.files.ethz.ch/isn/157126/Netherlands-2005.pdf,No,0
218,218 Netherlands Summary of the Defence White Paper 2000,Netherlands,WP,NLD,528,2000,24,418,10278,English,,,,,,,,,,,Ministry of Defence,https//www.files.ethz.ch/isn/157127/Netherlands-2000.pdf,No,0
217,217 Montenegro Draft - Defence Strategy 2008,Montenegro,DD,MNE,499,2008,12,114,2945,English,,,,,,,,,,,Ministry of Defence,https//www.files.ethz.ch/isn/157121/montenegro_Defense_Strategy_English2008.pdf,No,0
216,216 Montenegro Draft - National Security Strategy 2008,Montenegro,NSS,MNE,499,2008,14,138,4271,English,,,,,,,,,,,Ministry Of Defence,https//www.files.ethz.ch/isn/157122/montenegro_National_Security_Strategy_English2008.pdf,No,0
215,215 Montenegro Strategy of National Security of Montenegro 2006,Montenegro,NSS,MNE,499,2006,17,136,4423,English,,,,,,,,,,,Central Government,https//www.files.ethz.ch/isn/157123/montenegro2006.pdf,No,0
214,214 Mexico Defense White Paper 2004_translated,Mexico,WP,MEX,484,2004,96,599,18926,English (Translated),Spanish (Original),,,,,,,,,,Ministry of Defence,https//www.resdal.org/Archivo/libro-blanco-mexico.html,Yes,1
213,213 Malta The Armed Forces of Malta Strategy Paper 2016,Malta,DD,MLT,470,2016,8,61,2190,English,,,,,,,,,,,"Ministry For Home Affairs, National Security And Law Enforcement",https//homeaffairs.gov.mt/en/media/Policies-Documents/Pages/The-Armed-Forces-of-Malta-Strategy-Paper-2016-2026.aspx,Former,0
212,212 Maldives National Security Policy 2012,Maldives,NSS,MDV,426,2012,41,628,15469,English,,,,,,,,,,,Central Government,https//www.gov.mv/en/publications/maldives-national-security-policy,Yes,1
211,211 Malaysia Defence White Paper 2020,Malaysia,WP,MYS,458,2020,104,1263,30019,English,,,,,,,,,,,Ministry of Defence,http//www.mod.gov.my/images/mindef/article/kpp/DWP.pdf,Yes,1
210,210 Malaysia National Security policy 2019,Malaysia,NSS,MYS,458,2019,12,144,3943,English,,,,,,,,,,,Prime Minister'S Office,https//www.mkn.gov.my/web/wp-content/uploads/sites/3/2019/08/English-National_Security_Policy.pdf,Yes,1
209,209 Luxembourg Defense Guidelines 2017,Luxembourg,DD,LUX,442,2017,56,556,16395,English,,,,,,,,,,,Ministry Of Foreign Affairs,https//defense.gouvernement.lu/en/la-defense.html,No,0
208,208 Lithuania National Threat Assessment 2020,Lithuania,TA,LTU,440,2020,74,609,14832,English,,,,,,,,,,,Ministry Of Defence,https//www.vsd.lt/wp-content/uploads/2020/02/2020-Gresmes-En.pdf,No,0
207,207 Lithuania The Military Strategy of the Republic of Lithuania 2016,Lithuania,DD,LTU,440,2016,16,207,5095,English,,,,,,,,,,,Ministry Of Defence,https://kam.lt/wp-content/uploads/2022/03/karine-strategija-EN-2016.pdf,No,0
206,206 Lithuania Guidelines of the Minister of National Defence for 2016-2021,Lithuania,DD,LTU,440,2015,5,94,2155,English,,,,,,,,,,,Ministry Of Defence,https//www.google.com/url?sa=t&rct=j&q=&esrc=s&source=web&cd=&cad=rja&uact=8&ved=2ahUKEwi6z8DX3rT3AhWPSWwGHZexBTYQFnoECAkQAQ&url=https%3A%2F%2Fkam.lt%2Fdownload%2F51024%2Fgaires%25202016-2021_en.pdf&usg=AOvVaw0RYCUmjWMI66dbBvcClD_s,No,0
205,205 Lithuania The world 2030 (2013),Lithuania,DD,LTU,440,2013,96,1612,38793,English,,,,,,,,,,,Ministry Of Defence,https//kam.lt/en/defence_policy_1053/important_documents/the_world_2030.html,No,0
204,204 Lithuania The Military Strategy of the Republic of Lithuania 2012,Lithuania,DD,LTU,440,2012,10,171,4346,English,,,,,,,,,,,Ministry of Defence,https//www.files.ethz.ch/isn/167339/THE%20MILITARY%20STRATEGY%20of%20the%20Republic%20of%20Lithuania.pdf,No,0
203,203 Lithuania Defence Policy of Lithuania 2011,Lithuania,DD,LTU,440,2011,2,28,1375,English,,,,,,,,,,,Ministry Of Defence,https//www.files.ethz.ch/isn/156890/Lithuania%20-%20Defence%20Policy.pdf,No,0
202,202 Lithuania Guidelines of the Minister of National Defence for 2009-2014,Lithuania,DD,LTU,440,2009,7,99,3125,English,,,,,,,,,,,Ministry Of Defence,https//www.files.ethz.ch/isn/156884/Lithuania%20guidelines_eng.pdf,No,0
201,201 Lithuania National Security Strategy 2021 Update,Lithuania,NSS,LTU,440,2021,21,187,8056,English,,,,,,,,,,,Ministry Of Defence,https//e-seimas.lrs.lt/portal/legalAct/lt/TAD/3ec6a2027a9a11ecb2fe9975f8a9e52e?jfwid=rivwzvpvg,No,0
200,200 Lithuania National Security Strategy 2017,Lithuania,NSS,LTU,440,2017,20,220,7162,English,,,,,,,,,,,Ministry Of Defence,https//kam.lt/en/defence_policy_1053/important_documents/strategical_documents.html,No,0
199,199 Lithuania National Security Strategy 2012,Lithuania,NSS,LTU,440,2012,16,180,5600,English,,,,,,,,,,,Ministry Of Defence,https//www.bbn.gov.pl/ftp/dok/07/LTU_National_Security_Strategy_2012.pdf,No,0
198,198 Lithuania National Security Strategy 2002,Lithuania,NSS,LTU,440,2002,16,317,7460,English,,,,,,,,,,,Ministry Of Defence,https//css.ethz.ch/en/services/digital-library/publications/publication.html/156885,No,0
197,197 Lithuania White Paper 2017,Lithuania,WP,LTU,440,2017,64,557,15312,English,,,,,,,,,,,Ministry Of Defence,https//kam.lt/en/defence_policy_1053/important_documents/the_white_paper_on_lithuanian_defence_policy.html,No,0
196,196 Lithuania White Paper 2006,Lithuania,WP,LTU,440,2006,60,594,15001,English,,,,,,,,,,,Ministry Of Defence,https//www.files.ethz.ch/isn/156888/Lithuania-2006.pdf,No,0
195,195 Liberia National Security Strategy of the Republic of Liberia 2008,Liberia,NSS,LBR,430,2008,24,369,9235,English,,,,,,,,,,,Presidency,https//docs.google.com/viewer?url=https%3A%2F%2Fissat.dcaf.ch%2Fdownload%2F113094%2F2052616%2FNationalSecurityStrategyofLiberia.docx,Yes,1
194,194 Lebanon ISF Strategic Plan 2018,Lebanon,DD,LBN,422,2018,13,112,3710,English,,,,,,,,,,,The Directorate-General Of The Internal Security Forces,https//www.isf.gov.lb/files/ISF%20SP%20Booklet%20English.pdf,Yes,1
193,193 Latvia National Defence Concept 2020-2024_translated,Latvia,DD,LVA,428,2020,27,375,11188,English (Translated),Latvian (Original),,,,,,,,,,Ministry of Defense,https//www.mod.gov.lv/sites/mod/files/document/AiMVAK_2020_projekts.pdf,No,0
192,192 Latvia National Security Concept 2019,Latvia,NSS,LVA,428,2019,20,469,16096,English,,,,,,,,,,,Ministry Of Defence,https//likumi.lv/body_print.php?id=309647&lang=en,No,0
191,191 Latvia National Security Concept 2016,Latvia,NSS,LVA,428,2016,29,327,11006,English,,,,,,,,,,,Ministry Of Defence,https//www.mod.gov.lv/index.php/en/dokumenti,No,0
190,190 Latvia National Security Concept 2011,Latvia,NSS,LVA,428,2011,12,187,5921,English,,,,,,,,,,,Ministry Of Defence,https//www.mod.gov.lv/sites/mod/files/document/2011_EN_ND.pdf,No,0
189,189 Latvia National Security Concept 2008,Latvia,NSS,LVA,428,2008,18,206,7050,English,,,,,,,,,,,Ministry Of Defence,https//www.mod.gov.lv/index.php/en/dokumenti,No,0
188,188 Latvia National Security Concept 2005,Latvia,NSS,LVA,428,2005,8,142,3706,English,,,,,,,,,,,Ministry Of Defence,https//www.mod.gov.lv/sites/mod/files/document/2005_nd_en.pdf,No,0
187,187 Latvia National Defence Concept 2016,Latvia,DD,LVA,428,2016,28,237,7046,English,,,,,,,,,,,Ministry of Defence,http//mepoforum.sk/wp-content/uploads/2017/01/Latvia-national-defence-concept-2016-en.pdf,No,0
186,186 Latvia The State Defence Concept 2012,Latvia,DD,LVA,428,2012,11,232,6388,English,,,,,,,,,,,MINISTRY OF DEFENCE REPUBLIC OF LATVIA,https//www.files.ethz.ch/isn/167323/Latvia%20State%20Defense%20Concept%202012.%20pdf.pdf,No,0
185,185 Latvia Report on State Defense Policy and Armed Forces Development 2004 (2003),Latvia,DD,LVA,428,2003,64,710,24758,English,,,,,,,,,,,Ministry of Defence,https//www.files.ethz.ch/isn/156821/Latvia-2003.pdf,No,0
184,184 Kenya Defense White paper 2017,Kenya,WP,KEN,404,2017,23,335,7757,English,,,,,,,,,,,Ministry of Defence,https//www.mod.go.ke/wp-content/uploads/2020/08/DP-white-paper.pdf,Yes,1
183,183 Japan Defense of Japan 2021,Japan,WP,JPN,392,2021,512,9176,294871,English,Russian,Chinese,Korean,French,,,,,,,Ministry of Defense,https//www.mod.go.jp/en/publ/w_paper/wp2021/DOJ2021_EN_Full.pdf,No,0
182,182 Japan Defense of Japan 2020,Japan,WP,JPN,392,2020,576,12605,383641,English,Russian,Chinese,Korean,French,,,,,,,Ministry of Defense,https//www.mod.go.jp/en/publ/w_paper/index.html,No,0
181,181 Japan Defense of Japan 2019,Japan,WP,JPN,392,2019,573,6858,235453,English,Russian,Chinese,Korean,French,,,,,,,Ministry of Defense,https//www.mod.go.jp/en/publ/w_paper/index.html,No,0
180,180 Japan Defense of Japan 2018,Japan,WP,JPN,392,2018,550,11723,406437,English,Russian,Chinese,Korean,French,,,,,,,Ministry of Defense,https//www.mod.go.jp/en/publ/w_paper/index.html,No,0
179,179 Japan National Security Strategy 2013,Japan,NSS,JPN,392,2013,37,358,11742,English,,,,,,,,,,,Cabinet Office,https//www.cas.go.jp/jp/siryou/131217anzenhoshou/nss-e.pdf,No,0
178,178 Jamaica National Security Strategy 2014,Jamaica,NSS,JAM,388,2014,132,1919,50456,English,,,,,,,,,,,Cabinet Office,https//cabinet.gov.jm/national-security-advisory/national-security-policy/,Yes,1
177,177 Jamaica National Security Strategy 2006,Jamaica,NSS,JAM,388,2006,112,1277,34001,English,,,,,,,,,,,Ministry of National Security,https//www.files.ethz.ch/isn/156818/JamaicaSecurityStrategy.pdf,Yes,1
176,176 Italy Defense White paper 2015,Italy,WP,ITA,380,2015,127,1024,34204,English,,,,,,,,,,,Ministry of Defence,https//www.difesa.it/Primo_Piano/Documents/2015/07_Luglio/White%20book.pdf,No,0
175,175 The Chief of the Italian Defence Staff Strategic Concept 2005,Italy,DD,ITA,380,2005,96,127,5101,English,Italian,,,,,,,,,,Ministry of Defence,https//css.ethz.ch/en/services/digital-library/publications/publication.html/156795,No,0
174,174 Italy Chod s Strategic Concept 2004,Italy,DD,ITA,380,2004,22,159,6300,English,,,,,,,,,,,Ministry of Defence,https//www.files.ethz.ch/isn/156793/Italy_Eng-2004.pdf,No,0
173,173 Israel Deterring terror How Israel counters the next generation of threats 2016,Israel,DD,ISR,376,2016,62,525,13624,English,,,,,,,,,,,Ministry of Defence,https//www.belfercenter.org/israel-defense-forces-strategy-document,No,0
172,172 Ireland The White Paper on Defence 2019,Ireland,WP,IRL,372,2019,127,1684,45091,English,,,,,,,,,,,Ministry Of Defence,https//www.gov.ie/en/publication/a519cf-white-paper-on-defence-update-2019/,No,0
171,171 Ireland The White Paper on Defence 2015,Ireland,WP,IRL,372,2015,143,1784,48583,English,,,,,,,,,,,Ministry Of Defence,https//assets.gov.ie/21963/f1e7723dd1764a4281692f3f7cb96966.pdf,No,0
170,170 Ireland Green Paper on Defence 2013,Ireland,DD,IRL,372,2013,52,735,19608,English,,,,,,,,,,,Ministry Of Defence,https//assets.gov.ie/24285/585a2c35199444a7be6d14e0b775c258.pdf,No,0
169,169 Ireland White Paper on Defence 2007,Ireland,WP,IRL,372,2007,39,503,11741,English,,,,,,,,,,,Ministry Of Defence,https//www.files.ethz.ch/isn/157104/Ireland_2007.pdf,No,0
168,168 Ireland White Paper on Defence 2000,Ireland,WP,IRL,372,2000,99,1352,33997,English,,,,,,,,,,,Ministry Of Defence,https//ecfr.eu/archive/page/-/Eire_-_2000_-_White_Paper_on_Defence.pdf,No,0
162,162 Indonesia Defense White Paper 2015,Indonesia,WP,IDN,360,2015,150,933,25727,English,,,,,,,,,,,Ministry of Defence,https//www.kemhan.go.id/wp-content/uploads/2016/05/2015-INDONESIA-DEFENCE-WHITE-PAPER-ENGLISH-VERSION.pdf,Yes,1
161,161 Indonesia Defending the Country Entering the 21st Century 2003,Indonesia,WP,IDN,360,2003,85,1005,23386,English,,,,,,,,,,,Ministry of Defence,https//www.files.ethz.ch/isn/157031/IndonesiaWhitePaper.pdf,Yes,1
160,160 India Annual report 2018-2019,India,DD,IND,356,2018,280,4450,107954,English,,,,,,,,,,,Ministry of Defence,https//www.mod.gov.in/documents/annual-report,Yes,1
159,159 India Annual report 2017-2018,India,DD,IND,356,2017,231,3843,95180,English,,,,,,,,,,,Ministry of Defence,https//www.mod.gov.in/documents/annual-report,Yes,1
158,158 India Annual report 2016-2017,India,DD,IND,356,2016,222,3285,77036,English,,,,,,,,,,,Ministry of Defence,https//www.mod.gov.in/documents/annual-report,Yes,1
157,157 India Annual report 2015-2016,India,DD,IND,356,2015,246,3311,81747,English,,,,,,,,,,,Ministry of Defence,https//www.mod.gov.in/documents/annual-report,Yes,1
156,156 India Annual report 2014-2015,India,DD,IND,356,2014,248,3296,77654,English,,,,,,,,,,,Ministry of Defence,https//www.mod.gov.in/documents/annual-report,Yes,1
155,155 India Annual report 2013-2014,India,DD,IND,356,2013,265,3130,73967,English,,,,,,,,,,,Ministry of Defence,https//www.mod.gov.in/documents/annual-report,Yes,1
153,153 India Annual report 2011-2012,India,DD,IND,356,2011,254,3224,76023,English,,,,,,,,,,,Ministry of Defence,https//www.mod.gov.in/documents/annual-report,Yes,1
152,152 India Annual report 2009-2010,India,DD,IND,356,2009,225,2448,57255,English,,,,,,,,,,,Ministry of Defence,https//www.mod.gov.in/documents/annual-report,Yes,1
151,151 India Annual report 2008-2009,India,DD,IND,356,2008,226,2789,65697,English,,,,,,,,,,,Ministry of Defence,https//www.mod.gov.in/documents/annual-report,Yes,1
150,150 India Annual report 2007-2008,India,DD,IND,356,2007,228,2869,66684,English,,,,,,,,,,,Ministry of Defence,https//www.mod.gov.in/documents/annual-report,Yes,1
149,149 India Annual report 2006-2007,India,DD,IND,356,2006,193,2734,65244,English,,,,,,,,,,,Ministry of Defence,https//www.mod.gov.in/documents/annual-report,Yes,1
148,148 India Annual report 2005-2006,India,DD,IND,356,2005,242,2891,21112,English,,,,,,,,,,,Ministry of Defence,https//www.mod.gov.in/documents/annual-report,Yes,1
147,147 India Annual report 2004-2005,India,DD,IND,356,2004,244,2872,70565,English,,,,,,,,,,,Ministry of Defence,https//www.mod.gov.in/documents/annual-report,Yes,1
146,146 India Annual report 2003-2004,India,DD,IND,356,2003,229,3108,76137,English,,,,,,,,,,,Ministry of Defence,https//www.mod.gov.in/documents/annual-report,Yes,1
145,145 India Annual report 2002-2003,India,DD,IND,356,2002,138,2533,60846,English,,,,,,,,,,,Ministry of Defence,https//www.mod.gov.in/documents/annual-report,Yes,1
144,144 Hungary National Military Strategy 2012,Hungary,DD,HUN,348,2012,23,284,8257,English,,,,,,,,,,,Ministry Of Defence,https//2010-2014.kormany.hu/download/b/ae/e0000/national_military_strategy.pdf,No,0
143,143 Hungary National Security Strategy 2020_translated,Hungary,NSS,HUN,348,2020,19,554,14385,English (Translated),Hungarian (Original),,,,,,,,,,Ministry Of Foreign Affairs,https://net.jogtar.hu/jogszabaly?docid=A20H1163.KOR&txtreferer=00000001.txt,No,0
142,142 Hungary National Security Strategy 2012,Hungary,NSS,HUN,348,2012,25,216,6213,English,,,,,,,,,,,Ministry Of Foreign Affairs,https//eda.europa.eu/docs/default-source/documents/hungary-national-security-strategy-2012.pdf,No,0
141,141 Hungary The National Security Strategy of the Republic of Hungary 2004,Hungary,NSS,HUN,348,2004,23,319,10948,English,,,,,,,,,,,Ministry Of Defence,https//www.files.ethz.ch/isn/157029/Hungary_English-2004.pdf,No,0
140,140 Honduras Libro de la Defensa Nacional 2005_translated,Honduras,WP,HND,340,2005,171,766,29187,English (Translated),Spanish (Original),,,,,,,,,,Ministry Of Defence,https//www.files.ethz.ch/isn/157027/Honduras-2005_1_spa.pdf,Yes,1
139,139 Guatemala Libro de la Defensa National 2015_translated,Guatemala,WP,GTM,320,2015,98,560,16123,English (Translated),Spanish (Original),,,,,,,,,,Ministry Of Defence,https//www.mindef.mil.gt/datos_abiertos/pdf/Libro%20de%20la%20Defensa.pdf,Yes,1
138,138 Germany White Paper on German Security policy 2016,Germany,WP,DEU,276,2016,144,1343,33519,English,German,,,,,,,,,,Federal Ministry of Defence,https//issat.dcaf.ch/download/111704/2027268/2016%20White%20Paper.pdf,No,0
137,137 Germany White Paper 2006,Germany,WP,DEU,276,2006,65,1580,42293,English,German,,,,,,,,,,Federal Ministry of Defence,https//issat.dcaf.ch/content/download/17423/203638/version/2/file/Germany_White_Paper_2006.pdf,No,0
136,136 Germany Defence Policy Guidelines 2011,Germany,DD,DEU,276,2011,17,238,5777,English,German,,,,,,,,,,Ministry of Defence,https//www.files.ethz.ch/isn/157024/Germany%20engl.pdf,No,0
135,135 Germany Defence Policy Guidelines 2003,Germany,DD,DEU,276,2003,20,263,6107,English,German,,,,,,,,,,Ministry of Defence,https//www.files.ethz.ch/isn/157025/Germany_English2003.pdf,No,0
134,134 Georgia National Security Concept of Georgia 2012,Georgia,NSS,GEO,268,2012,28,404,10050,English,,,,,,,,,,,Ministry Of Defence,https//mod.gov.ge/en/page/70/national-security-concept-of-georgia,No,0
133,133 Georgia National Security Concept of Georgia 2005,Georgia,NSS,GEO,268,2005,25,340,9046,English,,,,,,,,,,,Ministry Of Defence,https//www.gfsis.org/media/download/GSAC/resources/National_Security_Concept_Georgia.pdf,No,0
132,132 Georgia Strategic Defense Review 2017,Georgia,DD,GEO,268,2017,38,357,9814,English,,,,,,,,,,,Ministry of Defence,https//mod.gov.ge/uploads/2018/pdf/SDR-ENG.pdf,No,0
131,131 Georgia Georgian National Military Strategy 2014,Georgia,DD,GEO,268,2014,16,170,3763,English,,,,,,,,,,,Ministry of Defence,https//mod.gov.ge/uploads/2018/pdf/NMS-ENG.pdf,No,0
130,130 Georgia Georgian National Military Strategy 2010,Georgia,DD,GEO,268,2010,12,283,6360,English,,,,,,,,,,,Ministry of Defense,https//www.gfsis.org/media/download/GSAC/resources/NMS.pdf,No,0
129,129 Georgia Georgian National Military Strategy 2007,Georgia,DD,GEO,268,2007,17,281,6344,English,,,,,,,,,,,Ministry of Defence,https//www.files.ethz.ch/isn/156939/Georgia%20National%20Military%20Strategy-2007.eng.pdf,No,0
128,128 Gambia National Security Policy 2019,Gambia,NSS,GMB,270,2019,51,500,10326,English,,,,,,,,,,,Office of National Security,Have downloaded PDF but can't find link,Yes,1
127,127 France Strategic Update 2021,France,DD,FRA,250,2021,54,460,14459,English,,,,,,,,,,,Ministry of Defence,https//www.google.com/url?sa=t&rct=j&q=&esrc=s&source=web&cd=&ved=2ahUKEwiR1_KXttXwAhXRasAKHcAxAB8QFjABegQIAhAD&url=https%3A%2F%2Fwww.defense.gouv.fr%2Fcontent%2Fdownload%2F605304%2F10175711%2Ffile%2Fstrategic-update%25202021.pdf&usg=AOvVaw3kYIGJAI3WGOnPcO-zYVnq,No,0
126,126 France Defense and National Security Strategic review 2017,France,NSS,FRA,250,2017,100,1236,29901,English,,,,,,,,,,,Ministry of Defence,https//www.defense.gouv.fr/layout/set/popup/content/download/520198/8733095/version/2/file/DEFENCE+AND+NATIONAL+SECURITY+STRATEGIC+REVIEW+2017.pdf,No,0
125,125 France French White Paper 2013,France,WP,FRA,250,2013,137,1750,48317,English,,,,,,,,,,,Ministry of Defence,https//www.defense.gouv.fr/english/dgris/defence-policy/white-paper-2013/white-paper-2013,No,0
124,124 France The French White Paper on Defence and National Security 2008,France,WP,FRA,250,2008,322,3505,97900,English,,,,,,,,,,,Ministry Of Defence,https//www.mocr.army.cz/images/Bilakniha/ZSD/French%20White%20Paper%20on%20Defence%20and%20National%20Security%202008.pdf,No,0
123,123 Finland Security strategy for society 2017,Finland,NSS,FIN,246,2017,101,1490,37708,English,Finnish,,,,,,,,,,Security Committee,https//turvallisuuskomitea.fi/wp-content/uploads/2018/04/YTS_2017_english.pdf,No,0
122,122 Finland Security strategy for society 2010,Finland,NSS,FIN,246,2010,102,1704,38520,English,,,,,,,,,,,Ministry of Defence,https//www.defmin.fi/files/1883/PDF.SecurityStrategy.pdf,No,0
121,121 Finland Government Defense report 2021,Finland,DD,FIN,246,2021,65,974,21448,English,Finnish,,,,,,,,,,Prime Minister'S Office,https//www.defmin.fi/en/themes/defence_policy_reports#9d8b10f7,No,0
120,120 Finland Government Defense report 2017,Finland,DD,FIN,246,2017,37,442,9558,English,,,,,,,,,,,Prime Minister'S Office,https//www.defmin.fi/files/3688/J07_2017_Governments_Defence_Report_Eng_PLM_160217.pdf,No,0
119,119 Finland Review on Finlands Security Cooperation 2013,Finland,DD,FIN,246,2013,82,1105,23656,English,,,,,,,,,,,Ministry Of Foreign Affairs,https//um.fi/documents/35732/48132/review_on_finland_s_security_cooperation,No,0
118,118 Finland Finnish Security and Defence Policy 2012,Finland,DD,FIN,246,2012,121,1922,39465,English,,,,,,,,,,,Prime Minister'S Office,https//www.files.ethz.ch/isn/167308/VNKJ0113_LR_En.pdf,No,0
117,117 Finland Finnish Security and Defence Policy 2009,Finland,DD,FIN,246,2009,142,2183,41579,English,,,,,,,,,,,Prime Minister'S Office,https//www.files.ethz.ch/isn/156933/Finland_English-2009.pdf,No,0
116,116 Finland Securely into the Future Ministry of Defence Strategy 2025 (2006),Finland,DD,FIN,246,2006,16,502,10092,English,,,,,,,,,,,Ministry of Defence,https//www.files.ethz.ch/isn/167282/Finland%20Security_strategy_2025.pdf,No,0
115,115 Finland Finnish Security and Defence Policy 2004,Finland,DD,FIN,246,2004,175,2672,62719,English,,,,,,,,,,,Prime Minister'S Office,https//www.defmin.fi/files/311/2574_2160_English_White_paper_2004_1_.pdf,No,0
114,114 Finland Finnish Security and Defence Policy 2001,Finland,DD,FIN,246,2001,102,2019,44081,English,,,,,,,,,,,Prime Minister'S Office,https//css.ethz.ch/en/services/digital-library/publications/publication.html/156925,No,0
113,113 Ethiopia Foreign Affairs And National Security Policy And Strategy 2002,Ethiopia,NSS,ETH,231,2002,89,1443,32061,English,,,,,,,,,,,Ministry of Information,https//chilot.me/wp-content/uploads/2011/08/national-security-policy-and-strategy.pdf,Yes,1
112,112 Estonia National Security Concept 2017,Estonia,NSS,EST,233,2017,22,437,10829,English,,,,,,,,,,,Central Government,https//kaitseministeerium.ee/sites/default/files/elfinder/article_files/national_security_concept_2017_0.pdf,No,0
111,111 Estonia National Security Concept 2010,Estonia,NSS,EST,233,2010,21,387,8492,English,,,,,,,,,,,Central Government,https//kaitseministeerium.ee/sites/default/files/elfinder/article_files/national_security_concept_of_estonia.pdf,No,0
110,110 Estonia National Security Concept 2004,Estonia,NSS,EST,233,2004,20,329,7693,English,,,,,,,,,,,Central Government,https//www.files.ethz.ch/isn/156841/Estonia-2004.pdf,No,0
109,109 Estonia National Security Concept 2000,Estonia,NSS,EST,233,2000,30,560,13175,English,,,,,,,,,,,Central Government,https//vm.ee/sites/default/files/content-editors/web-static/335/SecurityConcept.pdf,No,0
108,108 Estonia Military Defense 2026 (2017),Estonia,DD,EST,233,2017,11,61,1479,English,,,,,,,,,,,Ministry of Defence,https//kaitseministeerium.ee/riigikaitse2026/eng/,No,0
107,107 Estonia Long Term Defence Development Plan 2013-2022,Estonia,DD,EST,233,2013,12,93,2913,English,,,,,,,,,,,Ministry of Defence,https//kaitseministeerium.ee/riigikaitse2022/riigikaitse-arengukava/index-en.html,No,0
106,106 Estonia National Defense strategy 2011,Estonia,DD,EST,233,2011,28,302,7635,English,,,,,,,,,,,Central Government,https//www.kaitseministeerium.ee/sites/default/files/elfinder/article_files/national_defence_strategy.pdf,No,0
105,105 Estonia Long Term Defence Development Plan 2009-2018,Estonia,DD,EST,233,2009,11,212,5427,English,,,,,,,,,,,Ministry of Defence,https//ecfr.eu/archive/page/-/Estonie_-_2009_-_Estonia_long_term_development_plan_2009_2018.pdf,No,0
104,104 El Salvador Libro De La Defensa National 2006_translated,El Salvador,WP,SLV,222,2006,79,382,14718,English (Translated),Spanish (Original),,,,,,,,,,Central Government,http//www.cedoh.org/Biblioteca_CEDOH/archivos/00237%20LIBRO%20DE%20LA%20DEFENSA%20NACIONAL.pdf,Yes,1
103,103 Ecuador Política de la Defensa Nacional 2018_translated,Ecuador,WP,ECU,218,2018,156,916,28212,English (Translated),Spanish (Original),,,,,,,,,,Ministry Of Defence,https//www.defensa.gob.ec/wp-content/uploads/2019/01/Pol%C3%ADtica-de-Defensa-Nacional-Libro-Blanco-2018-web.pdf,Yes,1
102,102 Ecuador Libro Blanco 2006_translated,Ecuador,WP,ECU,218,2006,106,586,19332,English (Translated),Spanish (Original),,,,,,,,,,Ministry of Defense,https//www.files.ethz.ch/isn/157074/Ecuador%20libro%20blanco%202006_spa.pdf,Yes,1
101,101 Denmark Foreign and Security policy Strategy 2022,Denmark,NSS,DNK,208,2022,31,1007,23929,English,,,,,,,,,,,Central Government,https//um.dk/en/foreign-policy/foreign-and-security-policy-strategy-2022,No,0
100,100 Denmark Foreign and Security policy Strategy 2019-2020,Denmark,NSS,DNK,208,2019,28,471,11040,English,,,,,,,,,,,Central Government,https//www.dsn.gob.es/sites/dsn/files/2018_Denmark%20Foreign%20and%20security%20policy%20strategy%202019-2020.pdf,No,0
99,99 Denmark Foreign and Security policy Strategy 2017-2018,Denmark,NSS,DNK,208,2017,29,416,9865,English,,,,,,,,,,,Central Government,https//www.google.com/url?sa=t&rct=j&q=&esrc=s&source=web&cd=&cad=rja&uact=8&ved=2ahUKEwjkhKSukdHwAhXKCuwKHS47CCsQFjABegQIBBAD&url=https%3A%2F%2Fum.dk%2F~%2Fmedia%2Fum%2Fenglish-site%2Fdocuments%2Fnews%2Fpublikation_udenrigsministeriet_uk_01%2520(002).pdf%3Fla%3Den&usg=AOvVaw1h3Amx04gNt7kzgybWC8ln,No,0
98,98 Denmark Defence Agreement 2018 - 2023,Denmark,DD,DNK,208,2017,19,328,8863,English,,,,,,,,,,,Central Government,https//www.google.com/url?sa=t&rct=j&q=&esrc=s&source=web&cd=&cad=rja&uact=8&ved=2ahUKEwiahbPGkdHwAhUD-hQKHXy5BOEQFjAEegQIFxAD&url=https%3A%2F%2Ffmn.dk%2Fglobalassets%2Ffmn%2Fdokumenter%2Fforlig%2F-danish-defence-agreement-2018-2023-pdfa-2018.pdf&usg=AOvVaw3QBGVqqCXkC923G4v5GSlb,No,0
97,97 Denmark Defence Agreement 2013 - 2018,Denmark,DD,DNK,208,2012,60,919,23437,English,,,,,,,,,,,Central Government,https//fmn.dk/en/topics/agreements-and-economi/agreement-for-danish-defence-2018---2023/danish-defence-agreement-2013-2017/,No,0
96,96 Denmark Defence Agreement 2010 - 2014,Denmark,DD,DNK,208,2009,38,482,15934,English,,,,,,,,,,,Central Government,https//www.files.ethz.ch/isn/156836/Denmark2004.pdf,No,0
95,95 Denmark Danish Defense Global engagement 2008,Denmark,DD,DNK,208,2008,94,850,25940,English,,,,,,,,,,,Ministry of Defence,https//ecfr.eu/archive/page/-/Danemark_-_2008_-_Danish_Defence_Global_Engagement.pdf,No,0
94,94 Denmark The Danish Defence Agreement 2005-2009,Denmark,DD,DNK,208,2004,22,459,11894,English,,,,,,,,,,,Central Government,https//css.ethz.ch/en/services/digital-library/publications/publication.html/156836,No,0
93,93 Czechia The Long term perspective for defence 2035 (2019),Czechia,DD,CZE,203,2019,36,344,9281,English,,,,,,,,,,,Ministry of Defence,https//www.army.cz/en/ministry-of-defence/strategy-and-doctrine/defence-strategy-of-the-czech-republic-135549/,No,0
92,92 Czechia The Defence Strategy of the Czech Republic 2017,Czechia,DD,CZE,203,2017,16,183,5049,English,,,,,,,,,,,Ministry of Defence,https//www.army.cz/en/ministry-of-defence/strategy-and-doctrine/defence-strategy-of-the-czech-republic-135549/,No,0
91,91 Czechia The Defence Strategy of the Czech Republic 2012,Czechia,DD,CZE,203,2012,14,140,3904,English,,,,,,,,,,,Ministry of Defence,https//www.army.cz/en/ministry-of-defence/strategy-and-doctrine/defence-strategy-of-the-czech-republic-135549/,No,0
90,90 Czechia The White Paper on Defence 2011,Czechia,WP,CZE,203,2011,169,1445,42101,English,,,,,,,,,,,Ministry of Defence,https//www.army.cz/assets/en/ministry-of-defence/whitepaperondefence2011_3.pdf,No,0
89,89 Czechia Security Strategy 2015,Czechia,NSS,CZE,203,2015,27,368,11417,English,,,,,,,,,,,Central Government,https//www.army.cz/images/id_8001_9000/8503/Security_Strategy_2015.pdf,No,0
88,88 Czechia Security Strategy 2011,Czechia,NSS,CZE,203,2011,23,338,9970,English,,,,,,,,,,,Central Government,https//www.army.cz/en/ministry-of-defence/strategy-and-doctrine/defence-strategy-of-the-czech-republic-135549/,No,0
87,87 Czechia Military Strategy 2008,Czechia,DD,CZE,203,2008,9,96,2523,English,,,,,,,,,,,Ministry of Defence,https//www.army.cz/en/ministry-of-defence/strategy-and-doctrine/defence-strategy-of-the-czech-republic-135549/,No,0
86,86 Czechia Military Strategy 2004,Czechia,DD,CZE,203,2004,11,134,4704,English,,,,,,,,,,,Ministry of Defence,https//www.army.cz/en/ministry-of-defence/strategy-and-doctrine/defence-strategy-of-the-czech-republic-135549/,No,0
85,85 Czechia Military Strategy 2002,Czechia,DD,CZE,203,2002,16,172,5764,English,,,,,,,,,,,Ministry of Defence,https//www.army.cz/en/ministry-of-defence/strategy-and-doctrine/defence-strategy-of-the-czech-republic-135549/,No,0
84,84 Croatia National Security Strategy 2017,Croatia,NSS,HRV,191,2017,28,469,14917,English,,,,,,,,,,,Central Government,https//www.soa.hr/files/file/National-Security-Strategy-2017.pdf,No,0
83,83 Croatia Armed Forces Long-Term Development Plan 2015-2024,Croatia,DD,HRV,191,2015,102,1095,33401,English,,,,,,,,,,,Ministry of Defense,https//www.morh.hr/wp-content/uploads/2018/01/ltdp_en_2015.pdf,No,0
82,82 Croatia Armed Forces Long-Term Development Plan 2006,Croatia,DD,HRV,191,2006,99,1100,31009,English,,,,,,,,,,,Ministry of Defence,https//www.google.com/url?sa=t&rct=j&q=&esrc=s&source=web&cd=&cad=rja&uact=8&ved=2ahUKEwia88Ws_NDwAhVLzKQKHWr7BogQFjABegQIAhAD&url=https%3A%2F%2Fwww.files.ethz.ch%2Fisn%2F154936%2FCroatia_English-2006-2015.pdf&usg=AOvVaw0yOsQ7XfyFQSTz-gtPAaZx,No,0
81,81 Croatia Strategic Defence Review 2005,Croatia,DD,HRV,191,2005,52,827,20269,English,,,,,,,,,,,Ministry of Defence,https//css.ethz.ch/en/services/digital-library/publications/publication.html/156835,No,0
80,80 Croatia Strategy for the Republic of Croatia s National Security 2002,Croatia,DD,HRV,191,2002,19,329,9460,English,,,,,,,,,,,Ministry Of National Planning And Economic Policy,https//www.soa.hr/UserFiles/File/Strategy_Republic_of_Croatia.pdf,No,0
79,79 Costa Rica National Security and Safety Strategy 2021_translated,Costa Rica,NSS,CRI,170,2021,150,1582,48926,English (Translated),Spanish (Original),,,,,,,,,,Central Government,https://documentos.mideplan.go.cr/share/s/ZlNGSShNTEKA0xxITr9z2A,Yes,1
78,78 Colombia Policy for the Consolidation of Democratic Security (PCSD) 2007,Colombia,DD,COL,170,2007,50,370,9746,English,,,,,,,,,,,Ministry Of Defence,https//www.files.ethz.ch/isn/156834/Colombia_English-2007.pdf,Yes,1
77,77 Colombia Policy for the Consolidation of Democratic Security 2003,Colombia,DD,COL,170,2003,64,940,23448,English,,,,,,,,,,,Presidency of the Republic - Ministry of Defence,https//www.mindefensa.gov.co/irj/go/km/docs/Mindefensa/Documentos/descargas/Documentos_Home/Seguridad%20Democratica.pdf,Yes,1
76,76 China Defense White Paper 2019,China,WP,CHN,156,2019,32,607,17667,English,,,,,,,,,,,Central Government,http//eng.mod.gov.cn/publications/node_48467.htm,Associate,1
75,75 China Military Strategy 2014,China,WP,CHN,156,2014,10,199,6569,English,,,,,,,,,,,Central Government,http//eng.mod.gov.cn/publications/node_48467.htm,Associate,1
74,74 China National Defense in 2010,China,WP,CHN,156,2010,38,718,20909,English,,,,,,,,,,,Central Government,http//eng.mod.gov.cn/publications/node_48467.htm,Associate,1
73,73 China National Defense in 2008,China,WP,CHN,156,2008,109,765,24541,English,,,,,,,,,,,Central Government,http//eng.mod.gov.cn/publications/node_48467.htm,Associate,1
72,72 China National Defense in 2006,China,WP,CHN,156,2006,67,715,19427,English,,,,,,,,,,,Central Government,http//www.china.org.cn/english/features/book/194421.htm,Associate,1
71,71 China National Defense in 2004,China,WP,CHN,156,2004,79,823,22840,English,,,,,,,,,,,Central Government,http://www.china.org.cn/e-white/20041227/,Associate,1
70,70 China National Defense in 2002,China,WP,CHN,156,2002,69,864,37035,English (Translated),Chinese (Original),,,,,,,,,,Central Government,http//www.china.org.cn/e-white/20021209/index.htm,Associate,1
69,69 Chile Libro de la Defensa Nacional 2017_translated,Chile,WP,CHL,152,2017,328,2609,87619,English (Translated),Spanish (Original),,,,,,,,,,Ministry Of Defence,https://www.acanav.cl/wp-content/uploads/2021/08/LibroDefensa.pdf,Yes,1
68,68 Chile Book of the National Defense 2002,Chile,WP,CHL,152,2002,180,3072,76033,English,Spanish,,,,,,,,,,Ministry Of Defence,https//www.files.ethz.ch/isn/155919/Chile_English2002.pdf,Yes,1
67,67 Canada Strong Secure and Engaged Canadas Defence Policy 2017,Canada,DD,CAN,124,2017,113,1745,47012,English,,,,,,,,,,,Ministry Of Defence,http//dgpaapp.forces.gc.ca/en/canada-defence-policy/docs/canada-defence-policy-report.pdf,No,0
66,66 Canada Report on Plans and Priorities 2012-13,Canada,DD,CAN,124,2012,63,462,16039,English,,,,,,,,,,,Ministry Of Defence,https//www.files.ethz.ch/isn/167429/CANADA-National%20Defence%20RPP%202012-2013.pdf,No,0
65,65 Canada Defence Strategy 2008,Canada,DD,CAN,124,2008,22,292,8263,English,,,,,,,,,,,Ministry Of Defence,http//www.forces.gc.ca/assets/FORCES_Internet/docs/en/about/CFDS-SDCD-eng.pdf,No,0
64,64 Canada International Policy Statement (Defence) 2005,Canada,DD,CAN,124,2005,38,606,16096,English,,,,,,,,,,,Ministry Of Foreign Affairs,https//www.files.ethz.ch/isn/156831/Canada_Defence_2005.pdf,No,0
63,63 Canada International Policy Statement (Overview) 2005,Canada,DD,CAN,124,2005,40,841,20386,English,,,,,,,,,,,Ministry of Foreign Affairs,https//www.files.ethz.ch/isn/156831/Canada_Defence_2005.pdf,No,0
62,62 Canada National Security Policy 2004,Canada,NSS,CAN,124,2004,60,677,17116,English,French,,,,,,,,,,Central Government,http//publications.gc.ca/site/eng/9.665565/publication.html,No,0
61,61 Cambodia Defending the Kingdom of Cambodia 2006,Cambodia,WP,KHM,116,2006,103,653,16987,English,,,,,,,,,,,Ministry Of Defence,https//www.google.com/url?sa=t&rct=j&q=&esrc=s&source=web&cd=&cad=rja&uact=8&ved=2ahUKEwjagPTJx9DwAhUEQEEAHSDaC0gQFjAAegQIBBAD&url=https%3A%2F%2Fwww.files.ethz.ch%2Fisn%2F156829%2FCambodia-2006.pdf&usg=AOvVaw2Lkl_7_gCO6vJrVNF9sDFh,Yes,1
60,60 Cambodia Defense Strategic Review 2002,Cambodia,WP,KHM,116,2002,28,216,5097,English,,,,,,,,,,,Ministry of Defence,https//www.files.ethz.ch/isn/156828/Cambodia-2002.pdf,Yes,1
59,59 Cambodia Security and Development 2000,Cambodia,WP,KHM,116,2000,70,730,16612,English,,,,,,,,,,,Ministry of Defence,https//www.files.ethz.ch/isn/156827/Cambodia-2000.pdf,Yes,1
58,58 Bulgaria National Security Strategy 2011,Bulgaria,NSS,BGR,100,2011,21,330,10261,English,,,,,,,,,,,Parliament,https//www.me.government.bg/en/themes/bulgaria-s-national-security-strategy-904-0.html,No,0
57,57 Bulgaria White Paper on Defence and the Armed Forces 2010,Bulgaria,WP,BGR,100,2010,72,622,17762,English,,,,,,,,,,,Ministry of Defence,https//www.google.com/url?sa=t&rct=j&q=&esrc=s&source=web&cd=&cad=rja&uact=8&ved=2ahUKEwi1_I-7u9DwAhWXilwKHSy6CV8QFjAAegQIAxAD&url=https%3A%2F%2Feda.europa.eu%2Fdocs%2Fdefault-source%2Fdocuments%2Fwhite-paper-bulgaria_eng_2009-10.pdf&usg=AOvVaw11-c9FtnDggM_uPXrX0CaS,No,0
56,56 Bulgaria White Paper on Defence 2002,Bulgaria,WP,BGR,100,2002,100,858,24956,English,,,,,,,,,,,Ministry of Defence,https//www.files.ethz.ch/isn/156826/BulgariaEnglish_2002.pdf,No,0
55,55 Brunei Defense White Paper 2021,Brunei,WP,BRN,96,2021,100,810,21375,English,,,,,,,,,,,Ministry of Defence,https//www.mindef.gov.bn/Defence%20White%20Paper/DWP%202021.pdf,Yes,1
54,54 Brunei Defence White Paper 2011,Brunei,WP,BRN,96,2011,59,579,12632,English,,,,,,,,,,,Ministry of Defence,https//www.mindef.gov.bn/Defence%20White%20Paper/DWP%202011.pdf,Yes,1
53,53 Brunei Shaping the Force Today 2007,Brunei,WP,BRN,96,2007,53,343,8926,English,,,,,,,,,,,Ministry of Defence,https//www.files.ethz.ch/isn/157117/Brunei%20defence%20white%20paper%20update%202007.pdf,Yes,1
52,52 Brunei Defense White Paper 2004,Brunei,WP,BRN,96,2004,53,472,10577,English,,,,,,,,,,,Ministry of Defence,https//www.files.ethz.ch/isn/156824/Brunei%20white%20paper%202004.pdf,Yes,1
51,51 Brazil Defense White Paper 2020_translated,Brazil,WP,BRA,76,2020,98,1607,39230,English (Translated),Portuguese (Original),,,,,,,,,,Ministry of Defense,https//www.gov.br/defesa/pt-br/assuntos/copy_of_estado-e-defesa/livro_branco_congresso_nacional.pdf,Yes,1
50,50 Brazil Defense White Paper 2012,Brazil,WP,BRA,76,2012,284,2234,70582,English,Portuguese,,,,,,,,,,Ministry of Defense,https//www.gov.br/defesa/pt-br/arquivos/estado_e_defesa/livro_branco/lbdna_2013a_inga_net.pdf,Yes,1
49,49 Brazil National Strategy of Defense 2008,Brazil,DD,BRA,76,2008,72,683,21657,English,,,,,,,,,,,Ministry of Defense,https//www.files.ethz.ch/isn/154868/Brazil_English2008.pdf,Yes,1
48,48 Brazil National Defense Policy 2005,Brazil,DD,BRA,76,2005,11,118,4004,English,,,,,,,,,,,Ministry of Defense,https//www.files.ethz.ch/isn/154867/Brazil_English2005.pdf,Yes,1
47,47 Brazil National Defense Policy 1998,Brazil,DD,BRA,76,1998,10,47,2150,English,Portuguese,,,,,,,,,,Presidency,https//www.google.com/url?sa=t&rct=j&q=&esrc=s&source=web&cd=&cad=rja&uact=8&ved=2ahUKEwif5-qkkM7wAhV3DGMBHZg3CZsQFjAAegQIBBAD&url=https%3A%2F%2Fwww.files.ethz.ch%2Fisn%2F154866%2FBrazil_English1998.pdf&usg=AOvVaw1w-fd7Ay0BpGhG_iIMI_O1,Yes,1
46,46 Bosnia and Herzegovina Defence White Paper of Bosnia and Herzegovina 2005,Bosnia and Herzegovina,WP,BIH,70,2005,39,298,9237,English,,,,,,,,,,,Ministry of Defence,http//www.mod.gov.ba/dokumenti/odbrambeni_dokumenti/?id=21743#,Former,0
45,45 Bolivia Libro Blanco de Defensa 2004_translated,Bolivia,WP,BOL,68,2004,130,1210,26381,English (Translated),Spanish (Original),,,,,,,,,,Ministry of Defense,https//www.google.com/url?sa=t&rct=j&q=&esrc=s&source=web&cd=&cad=rja&uact=8&ved=2ahUKEwjCnZjqhM7wAhVB4OAKHQLlBH0QFjABegQIBRAD&url=https%3A%2F%2Fwww.oas.org%2Fcsh%2Fspanish%2Fdocumentos%2FBolivia%2520-%25202004.pdf&usg=AOvVaw0bLVaOcSmf4W1Z__zImyiw,Yes,1
44,44 Bermuda National Security and Defense Review 2014,Bermuda,NSS,BMU,60,2014,135,1653,41675,English,,,,,,,,,,,Central Government,https//www.bermudaregiment.bm/images/Bermuda-National-Security-and-Defence-Review_-_Website.pdf,No,0
43,43 Belize The National Security and Defence Strategy 2019,Belize,NSS,BLZ,84,2019,34,264,7079,English,,,,,,,,,,,Central Government,https//bco.gov.bz/download/national-security-and-defence-strategy-2018-2021/,Yes,1
42,42 Belize The National Security Strategy 2009,Belize,NSS,BLZ,84,2009,42,429,10620,English,,,,,,,,,,,Central Government,https//www.oas.org/csh/spanish/documentos/bze%20nat%27l%20security%20strategy.pdf,Yes,1
41,41 Belgium Update of the Strategic Vision for Defence 2030 (2021),Belgium,DD,BEL,56,2021,23,324,8493,English,,,,,,,,,,,Ministry of Defence,https//www.defence-institute.be/wp-content/uploads/2021/06/200622-Strategic-Vision-2021-EN.pdf,No,0
40,40 Belgium Security Environment Review 2019,Belgium,DD,BEL,56,2019,40,564,11140,English,,,,,,,,,,,Ministry of Defence,https//www.belgianarmy.be/wp-content/uploads/2019/09/Security-environment-review-1.pdf,No,0
39,39 Belgium The Strategic Vision for Defence 2030 (2016),Belgium,DD,BEL,56,2016,244,2782,74511,English,,,,,,,,,,,Ministry of Defence,https//cyberwar.ro/wp-content/uploads/2018/10/strategic-vision-belgian-defense-en.pdf,No,0
38,38 Belgium The Modernisation Plan 2000-2015 of the Armed Forces 2000,Belgium,DD,BEL,56,2000,11,238,3973,English,,,,,,,,,,,Central Government,https//css.ethz.ch/en/services/digital-library/publications/publication.html/155596,No,0
36,36 Azerbaijan National Security Concept 2007_translated,Azerbaijan,NSS,AZE,31,2007,24,302,10267,English,,,,,,,,,,,Presidency,https//www.migration.gov.az/content/pdf/24d3bee249d79f67d9065a74461ff833.pdf,Yes,1
35,35 Austria Weissbuch 2012_translated,Austria,WP,AUT,40,2012,140,1073,23624,English (Translated),German (Original),,,,,,,,,,Ministry of Defence,https//www.bundesheer.at/wissen-forschung/publikationen/publikation.php?id=491,No,0
34,34 Austria Weissbuch 2010_translated,Austria,WP,AUT,40,2010,128,1804,38935,English (Translated),German (Original),,,,,,,,,,Federal Ministry of Defence and Sport,https//www.bundesheer.at/wissen-forschung/publikationen/publikation.php?id=491,No,0
33,33 Austria Weissbuch 2008_translated,Austria,WP,AUT,40,2008,130,1734,39279,English (Translated),German (Original),,,,,,,,,,Federal Ministry of Defence and Sport,https//www.bundesheer.at/wissen-forschung/publikationen/publikation.php?id=491,No,0
32,32 Austria Weissbuch 2006_translated,Austria,WP,AUT,40,2006,134,1559,37443,English (Translated),German (Original),,,,,,,,,,Ministry Of Defence,https//www.bundesheer.at/wissen-forschung/publikationen/publikation.php?id=491,No,0
31,31 Austria Weissbuch 2004_translated,Austria,WP,AUT,40,2004,314,4054,95288,English (Translated),German (Original),,,,,,,,,,Federal Ministry of Defence,https//www.bundesheer.at/wissen-forschung/publikationen/publikation.php?id=491,No,0
30,30 Austria Austrian Security Strategy 2013,Austria,NSS,AUT,40,2013,26,431,9570,English,,,,,,,,,,,Ministry Of Defence,https//www.bundesheer.at/pdf_pool/publikationen/sicherheitsstrategie_engl.pdf,No,0
29,29 Austria Security and Defence Doctrine 2001,Austria,NSS,AUT,40,2001,12,241,4840,English,,,,,,,,,,,Ministry Of Defence,https//www.files.ethz.ch/isn/155910/Austria-2001.pdf,No,0
28,28 Australia Force Structure Plan 2020,Australia,DD,AUS,36,2020,126,581,17169,English,,,,,,,,,,,Ministry Of Defence,https//www1.defence.gov.au/strategy-policy/strategic-update-2020,No,0
27,27 Australia Defence Strategic update 2020,Australia,DD,AUS,36,2020,68,465,10291,English,,,,,,,,,,,Ministry Of Defence,https//www1.defence.gov.au/strategy-policy/strategic-update-2020,No,0
26,26 Australia Defence White Paper 2016,Australia,WP,AUS,36,2016,191,1695,44163,English,,,,,,,,,,,Ministry Of Defence,https//www.defence.gov.au/WhitePaper/,No,0
25,25 Australia National Security Strategy 2013,Australia,NSS,AUS,36,2013,58,979,19273,English,,,,,,,,,,,Department Of Prime Minister/ Cabinet,https//apo.org.au/node/33996,No,0
24,24 Australia Defence White Paper 2013,Australia,WP,AUS,36,2013,148,2205,48976,English,,,,,,,,,,,Ministry Of Defence,https//www.defence.gov.au/whitepaper/2013/,No,0
23,23 Australia in the Asian Century 2012,Australia,DD,AUS,36,2012,320,5103,111866,English,,,,,,,,,,,Central Government,https//www.defence.gov.au/whitepaper/2013/docs/australia_in_the_asian_century_white_paper.pdf,No,0
22,22 Australia Defence White Paper 2009,Australia,WP,AUS,36,2009,144,2392,57427,English,,,,,,,,,,,Ministry Of Defence,https//www.ssri-j.com/MediaReport/Document/AustraliaDefenceWhitePaper2009.pdf,No,0
21,21 Australia Defence Capability Plan 2009,Australia,DD,AUS,36,2009,229,1920,69307,English,,,,,,,,,,,Ministry Of Defence,https://www.files.ethz.ch/isn/154916/Australia%20defence%20capability%20plan%202009.pdf,No,0
20,20 Australia National Security 2007,Australia,NSS,AUS,36,2007,65,721,16374,English,,,,,,,,,,,Ministry Of Defence,https//css.ethz.ch/en/services/digital-library/publications/publication.html/155590,No,0
19,19 Australia Defence 2000,Australia,WP,AUS,36,2000,142,1651,39434,English,,,,,,,,,,,Ministry Of Defence,https//www.aph.gov.au/About_Parliament/Parliamentary_Departments/Parliamentary_Library/pubs/rp/rp1516/DefendAust/2000,No,0
18,18 Aruba National Security Plan 2008,Aruba,NSS,ABW,553,2008,45,685,16034,English,,,,,,,,,,,The Department of Economic Affairs of Aruba,https//www.google.com/url?sa=t&rct=j&q=&esrc=s&source=web&cd=&cad=rja&uact=8&ved=2ahUKEwihjNzhvcTwAhVM8OAKHeTzBZYQFjAAegQIBBAD&url=https%3A%2F%2Fwww.academia.edu%2F5883158%2FAruba_National_Security_Plan&usg=AOvVaw116U_D8r0Vs7hlkuQb6HR5,No,0
17,17 Armenia National Security Strategy 2020,Armenia,NSS,ARM,51,2020,45,359,9939,English,,,,,,,,,,,National Security Council,https//www.mfa.am/filemanager/security%20and%20defense/Armenia%202020%20National%20Security%20Strategy.pdf,No,0
16,16 Armenia The Military Doctrine 2007,Armenia,DD,ARM,51,2007,29,147,6701,English,,,,,,,,,,,Ministry Of Defence,https//css.ethz.ch/en/services/digital-library/publications/publication.html/155588,No,0
15,15 Armenia National Security Strategy 2007,Armenia,NSS,ARM,51,2007,22,235,7380,English,,,,,,,,,,,National Security Council,https//www.mfa.am/filemanager/Statics/Doctrineeng.pdf,No,0
14,14 Argentina Libro Blanco de la Defensa 2015_translated,Argentina,WP,ARG,32,2015,313,2479,90508,English (Translated),Spanish (Original),,,,,,,,,,Ministry of Defense,https//info.undp.org/docs/pdc/Documents/ARG/libro_blanco_2015.pdf,Yes,1
13,13 Argentina Libro Blanco de la Defensa 2010_translated,Argentina,WP,ARG,32,2010,403,3196,101994,English (Translated),Spanish (Original),,,,,,,,,,Ministry of Defense,https//www.files.ethz.ch/isn/157079/Libro_Blanco_de_la_Defensa_spanish.pdf,Yes,1
12,12 Argentina White Book on National Defense 1999,Argentina,WP,ARG,32,1999,236,2040,49114,English,,,,,,,,,,,Ministry of Defense,https//www.files.ethz.ch/isn/156850/Argentina_Eng-1999.pdf,Yes,1
11,11 Argentina Libro Blanco de la Defensa 1998_translated,Argentina,WP,ARG,32,1998,143,1545,44835,English (Translated),Spanish (Original),,,,,,,,,,Ministry of Defense,https//www.google.com/url?sa=t&rct=j&q=&esrc=s&source=web&cd=&cad=rja&uact=8&ved=2ahUKEwjN0uiCysHwAhUVjhQKHZuaBUsQFjACegQIAxAD&url=https%3A%2F%2Fwww.oas.org%2Fcsh%2Fspanish%2Fdocumentos%2Flibro%2520blanco%2520de%2520defensa.doc&usg=AOvVaw2rcKyL4NDtmJHI8X828H3q,Yes,1
10,10 Albania Defense Directive 2021,Albania,DD,ALB,8,2021,6,96,2856,English,,,,,,,,,,,Ministry of Defense,https://www.mod.gov.al/images/PDF/2021/DM21-ENG.pdf,No,0
9,9 Albania Defense Directive 2020,Albania,DD,ALB,8,2020,7,190,3175,English,,,,,,,,,,,Ministry of Defence,https://www.mod.gov.al/eng/images/PDF/2020/Defence-Directive-2020.PDF,No,0
8,8 Albania Defense Directive 2019,Albania,DD,ALB,8,2019,7,118,2927,English,,,,,,,,,,,Ministry of Defence,https//www.mod.gov.al/eng/images/PDF/2019/Defence-Directive-2019.pdf,No,0
7,7 Albania Defense Directive 2017,Albania,DD,ALB,8,2017,6,97,2438,English,,,,,,,,,,,Ministry of Defense,https://www.mod.gov.al/eng/images/PDF/directiveng2017.pdf,No,0
6,6 Albania Defense Directive 2014_translated,Albania,DD,ALB,8,2014,6,84,2130,English (Translated),Albanian (Original),,,,,,,,,,Ministry of Defence,https//www.mod.gov.al/eng/images/PDF/direktiva_mbrojtjes_2014.pdf,No,0
3,3 Albania The Military Strategy 2005,Albania,DD,ALB,8,2005,23,338,5308,English,,,,,,,,,,,Ministry of Defence,https//www.files.ethz.ch/isn/155587/Albania_English-2005.pdf,No,0
2,2 Albania National Security Strategy 2004,Albania,NSS,ALB,8,2004,22,318,8353,English,,,,,,,,,,,Ministry Of Defence,https://www.files.ethz.ch/isn/155586/albania_english-2004.pdf,No,0
